cliente_id,nombre,email,region,comuna,segmento_rfm,fecha_registro,canal_adquisicion
1,María Florencia Iturra Astorga,pinotamara@example.com,Metropolitana,Macul,Loyal,2024-04-10,Facebook/Instagram
2,César Antonio Mejías Saavedra,marquezricardo@example.org,Valparaíso,Quilpué,New,2023-04-19,Facebook/Instagram
3,Marcos Herrera,fuentesjose@example.com,Valparaíso,Valparaíso,New,2023-02-03,Google Ads
4,Sandra Evelyn Silva Huerta,riquelmerosa@example.com,Biobío,Hualpén,Loyal,2025-01-06,TikTok
5,Constanza Torres Herrera,zsoto@example.com,La Araucanía,Padre Las Casas,Lost,2023-11-15,Orgánico
6,Catalina Martina Guzmán Gómez,tlagos@example.org,Coquimbo,Ovalle,At Risk,2024-11-22,Email Marketing
7,Valentina Sabina Abarca Soto,carocristopher@example.org,Valparaíso,Valparaíso,At Risk,2023-06-21,Google Ads
8,Mónica Karen Navarro Ojeda,soledadgonzalez@example.com,Metropolitana,Puente Alto,Loyal,2025-04-03,Email Marketing
9,Dominique María Muñoz Suárez,maria33@example.org,Los Lagos,Puerto Montt,At Risk,2024-01-07,Email Marketing
10,Wilson Fernando Alvarado Mora,ktapia@example.org,Metropolitana,Las Condes,Loyal,2024-11-08,Facebook/Instagram
11,Génesis Huerta Ulloa,claudiovergara@example.com,Valparaíso,Villa Alemana,Potential,2024-02-06,Referido
12,Eliseo Héctor Palacios Navarro,normariquelme@example.net,Metropolitana,Macul,New,2023-03-15,Email Marketing
13,Luis Mauricio Fuentes Martínez,salasedith@example.net,Metropolitana,Quilicura,Lost,2023-08-27,Google Ads
14,Alex San Martín,caceresjose@example.com,Coquimbo,Ovalle,Potential,2024-05-05,Referido
15,Cristian Mardones,alejandra02@example.net,Maule,Cauquenes,New,2024-01-29,Facebook/Instagram
16,Brígida Salas-Rodríguez,victoria67@example.org,La Araucanía,Angol,At Risk,2024-03-26,TikTok
17,Santiago Luis Muñoz Rodríguez,maria11@example.com,Valparaíso,Villa Alemana,Hibernating,2025-01-08,Google Ads
18,Matías Troncoso Reyes,jorgegonzalez@example.com,Metropolitana,La Reina,New,2025-01-15,Orgánico
19,María Fabiola Meneses Cáceres,rosavargas@example.com,Metropolitana,Peñalolén,New,2024-11-05,Email Marketing
20,Marianela Caro Cabello,felipe79@example.org,Metropolitana,Providencia,New,2024-10-30,TikTok
21,Raúl Ricardo García Urra,diazemily@example.net,Valparaíso,Villa Alemana,New,2025-05-14,Google Ads
22,Miguel Carlos Arroyo Cornejo,gonzalocortes@example.com,La Araucanía,Angol,Lost,2024-01-22,Facebook/Instagram
23,Gladys Acuña,bravolaura@example.com,Biobío,Chiguayante,Champions,2024-08-28,Facebook/Instagram
24,Matías Ortiz Martínez,lorenabarrios@example.com,Metropolitana,Puente Alto,Hibernating,2025-01-29,Facebook/Instagram
25,Carmen Amalia Araya Cerda,kaedo@example.com,Coquimbo,Illapel,Champions,2023-02-10,Facebook/Instagram
26,Liliana Godoy Martínez,ada31@example.net,La Araucanía,Angol,At Risk,2024-03-17,Orgánico
27,Mariana Vargas,ricardo31@example.com,Biobío,Concepción,Champions,2023-09-13,Facebook/Instagram
28,Isabella Riquelme,villagrasilvana@example.net,Biobío,Concepción,New,2024-07-25,TikTok
29,Alexander José Osorio Ruiz,sdiaz@example.org,Valparaíso,Valparaíso,Lost,2023-10-22,Google Ads
30,Juana Javiera Leiva Fernández,patriciaaedo@example.org,Metropolitana,Las Condes,Lost,2025-06-07,Email Marketing
31,Julia Sarai Martínez Salazar,lsoto@example.com,Metropolitana,Santiago,At Risk,2023-08-16,Referido
32,Catalina María Trujillo Araneda,luis95@example.org,Los Lagos,Ancud,Champions,2025-06-28,Google Ads
33,Tomás González,eliana34@example.net,Metropolitana,La Florida,Lost,2023-09-29,Facebook/Instagram
34,Delia Sandra Pino Muñoz,soniacortes@example.org,Metropolitana,Peñalolén,Lost,2025-01-29,TikTok
35,Luis Sáez Cruz,vreyes@example.net,Metropolitana,Lo Barnechea,Champions,2025-06-15,Google Ads
36,Bastián Misael Muñoz Herrera,karanda@example.com,Metropolitana,Providencia,At Risk,2024-02-20,Email Marketing
37,Marcos Mario Martínez Ortega,noemi31@example.com,Maule,Linares,Lost,2023-05-07,Email Marketing
38,Gonzalo Osvaldo Ortega Salas,garcialeticia@example.org,La Araucanía,Angol,Champions,2023-08-29,Referido
39,Ernesto Vergara Cabello,garceseusebio@example.net,Valparaíso,Viña del Mar,Lost,2025-04-08,Orgánico
40,Valentina Mancilla Valdés,juancornejo@example.org,Metropolitana,Estación Central,Lost,2023-07-02,TikTok
41,Brígida María García Rojas,burgosjulio@example.org,Valparaíso,Quilpué,At Risk,2025-05-25,TikTok
42,Melanie Tatiana González Gallardo,valenzuelamario@example.com,Valparaíso,Valparaíso,Lost,2024-05-20,Email Marketing
43,Constanza Katherine Gutiérrez Gutiérrez,valentinnunez@example.net,Metropolitana,Maipú,Loyal,2023-12-18,Email Marketing
44,Jorge Leal González,vicenteabarca@example.com,Valparaíso,Quilpué,Lost,2023-01-11,Orgánico
45,Javier Martín Cavieres Moyano,giuliana47@example.net,Metropolitana,Maipú,New,2023-05-14,Orgánico
46,Gladys Bernardita Muñoz Molina,vpina@example.com,Biobío,Hualpén,Potential,2023-03-22,Orgánico
47,Freddy Ignacio González Pereira,jacquelinearaneda@example.net,Biobío,Chiguayante,Champions,2024-04-29,TikTok
48,Javiera Magdalena Torres Tapia,mirandacamila@example.org,Metropolitana,Vitacura,At Risk,2023-06-01,TikTok
49,Vicente Castro,fernandezisabella@example.com,Metropolitana,Santiago,Champions,2024-11-10,TikTok
50,Mauricio Francisco Concha Álvarez,luis13@example.net,Biobío,Chiguayante,Hibernating,2024-12-31,Email Marketing
51,Alexander Joel Silva Ríos,trinidad14@example.net,Valparaíso,San Antonio,Loyal,2024-04-29,Referido
52,Gerardo Alfonso Navarro Lillo,plopez@example.com,Maule,Constitución,Champions,2025-04-22,Facebook/Instagram
53,Rosa Katherine Herrera Lillo,guerreromateo@example.com,Biobío,Talcahuano,New,2023-04-11,Orgánico
54,Nataly Herrera Salinas,herreragustavo@example.com,Metropolitana,Vitacura,Lost,2024-10-11,Google Ads
55,Enrique Joseph Caballero Villalobos,danilo22@example.net,Metropolitana,Peñalolén,Loyal,2023-01-06,Email Marketing
56,Javiera Rojas,gladys83@example.net,Biobío,Chiguayante,Lost,2024-10-04,Orgánico
57,Javiera Florentina Yáñez Mamani,mariacisternas@example.com,Metropolitana,Maipú,Loyal,2023-07-15,Google Ads
58,Liliana Debora Molina Velásquez,luciavargas@example.net,Biobío,Chiguayante,At Risk,2024-07-30,Facebook/Instagram
59,José Valdivia Ramírez,silvaana@example.org,Antofagasta,Taltal,Loyal,2025-06-03,TikTok
60,Constanza Paola González Jiménez,roberto79@example.com,Biobío,Los Ángeles,At Risk,2024-10-02,Orgánico
61,Emiliano Avendaño Pinto,gpulgar@example.org,Metropolitana,Ñuñoa,At Risk,2024-08-23,Orgánico
62,Pablo Francisco Chamorro Vidal,cgomez@example.org,Biobío,Hualpén,Loyal,2023-12-12,Referido
63,María Poblete Acevedo,martinezhector@example.net,Valparaíso,Viña del Mar,At Risk,2023-03-24,TikTok
64,Alonso Jorge Sandoval Guzmán,beatrizzapata@example.org,Valparaíso,Villa Alemana,At Risk,2024-09-26,Referido
65,Olga Ruth Barría Echeverría,camposdomingo@example.net,Antofagasta,Antofagasta,At Risk,2023-04-18,Facebook/Instagram
66,Francisca Segura,hquintanilla@example.com,Metropolitana,Macul,At Risk,2024-05-02,Google Ads
67,Adriana Ovalle Barrera,cornejoelisa@example.com,Coquimbo,Vicuña,New,2023-12-13,Facebook/Instagram
68,María Rosa Castro Medina,valentinamaturana@example.org,O'Higgins,Rengo,Lost,2024-07-10,Facebook/Instagram
69,Carlos Neira,maria31@example.com,Metropolitana,Macul,New,2024-04-09,Email Marketing
70,Juan Jorge Espinoza Orellana,contrerasalex@example.com,Metropolitana,Macul,Loyal,2023-02-12,Referido
71,Valeska Barrientos-Márquez Hurtado,cvillablanca@example.net,Metropolitana,La Florida,At Risk,2023-07-28,Google Ads
72,Maximiliano Romero Vásquez,dfuentes@example.com,Metropolitana,Ñuñoa,Lost,2025-06-25,Facebook/Instagram
73,Marcelo Germán Valencia Pereira,tsan-martin@example.com,Metropolitana,La Reina,Loyal,2023-11-20,TikTok
74,Ignacio Ramírez Burgos,orojas@example.org,La Araucanía,Padre Las Casas,Loyal,2024-07-02,TikTok
75,Jorge Herminio López Zapata,manuel09@example.com,Metropolitana,Macul,Hibernating,2023-02-12,Email Marketing
76,Otilia Laura Retamal Lagos,danitza82@example.net,Metropolitana,La Reina,New,2025-04-04,Email Marketing
77,Nelson Pedro Zambrano Aguirre,patriciofernandez@example.org,Maule,Talca,Potential,2024-05-28,Google Ads
78,Emilia Rebolledo Pérez,laravena@example.com,Metropolitana,Maipú,At Risk,2023-05-03,Google Ads
79,Pedro Ávalos,valdesrayen@example.org,Maule,Constitución,New,2025-01-22,Google Ads
80,Amanda Sara Uribe Cortés,ljofre@example.net,Metropolitana,Las Condes,Lost,2023-09-25,Email Marketing
81,Edison Luis Reyes Duarte,hernanretamal@example.org,Metropolitana,Santiago,Potential,2023-04-06,TikTok
82,Olga Angelina Vargas Parra,corinavillegas@example.com,La Araucanía,Angol,Champions,2024-09-01,Orgánico
83,Mayte Natalie Burgos Albornoz,santandereduardo@example.net,Biobío,Los Ángeles,At Risk,2025-06-06,Facebook/Instagram
84,Hugo Patricio Castillo Salinas,rdiaz@example.com,O'Higgins,Santa Cruz,Loyal,2025-06-02,Facebook/Instagram
85,Juan Muñoz Guzmán,maria17@example.net,La Araucanía,Temuco,Potential,2025-02-21,Facebook/Instagram
86,Paula Alexandra Tapia Ossandón,emiliahuerta@example.com,Maule,Cauquenes,Potential,2023-05-11,Orgánico
87,Silvia Calderón Riquelme,ahermosilla@example.net,Metropolitana,Puente Alto,Champions,2024-06-05,Referido
88,Nibaldo Medina,rafaelvalderrama@example.com,Metropolitana,San Miguel,New,2024-06-12,TikTok
89,Luciana Garrido Pizarro,luis76@example.com,Los Lagos,Osorno,New,2023-12-30,Email Marketing
90,Fernanda Lucero,elena87@example.net,Maule,Talca,At Risk,2024-05-24,Google Ads
91,Nidia Tapia Vega,fernanda37@example.com,Los Ríos,Río Bueno,Loyal,2023-04-09,Email Marketing
92,Andrea Camila Gutiérrez Tello,contrerasjorge@example.org,Valparaíso,San Antonio,At Risk,2024-01-27,Google Ads
93,Esteban Luna,danilomejias@example.org,Metropolitana,Puente Alto,At Risk,2025-06-06,Referido
94,María Mercedes Meneses Pereira,pguerrero@example.net,Los Lagos,Castro,Champions,2023-07-05,Email Marketing
95,Benjamín Bravo Contreras,egonzalez@example.org,Metropolitana,La Florida,New,2023-02-13,Email Marketing
96,Trinidad Durán Flores,ximenagutierrez@example.org,Antofagasta,Taltal,New,2025-02-27,TikTok
97,Daniel Marco Retamal Torres,contrerasmaite@example.com,Maule,Curicó,New,2023-03-31,TikTok
98,María Sáez Valdés,carrascobrayan@example.org,Valparaíso,Valparaíso,Potential,2025-04-04,Google Ads
99,Claudio Villarroel Yáñez,gonzalezmaximiliano@example.net,Los Lagos,Ancud,At Risk,2023-01-25,Orgánico
100,Walter Correa Pérez,tsandoval@example.com,Los Lagos,Puerto Varas,Lost,2025-02-20,Referido
101,Jaime Rodrigo Madariaga Urbina,valentina12@example.com,Metropolitana,Vitacura,Potential,2023-12-04,Facebook/Instagram
102,Pedro José Guzmán Salinas,calderonmaritza@example.org,O'Higgins,Pichilemu,Champions,2025-05-08,TikTok
103,Pedro González Urrutia,carlos33@example.org,Valparaíso,Villa Alemana,Hibernating,2024-09-23,Orgánico
104,María Daniela García Medina,lucas95@example.net,Maule,Linares,At Risk,2024-10-09,TikTok
105,Marisol Gabriela Muñoz Flores,aurora74@example.com,Metropolitana,Lo Barnechea,Hibernating,2023-01-08,Google Ads
106,Brayan Barría Vergara,amena@example.org,O'Higgins,Rengo,Loyal,2025-01-20,Google Ads
107,Adela Carmona,ogarcia@example.org,Metropolitana,Quilicura,Lost,2024-07-05,Facebook/Instagram
108,Angie Cortés Vera,lzapata@example.com,Metropolitana,Providencia,Lost,2023-12-24,Orgánico
109,Dafne Claudia Carreño Velásquez,cardenasalejandra@example.com,O'Higgins,Pichilemu,Champions,2024-04-07,Email Marketing
110,Marcela Ximena Moraga Coronado,manuel21@example.net,Metropolitana,Peñalolén,At Risk,2023-07-21,Facebook/Instagram
111,Brian Alejandro Mamani López,mmaldonado@example.net,Metropolitana,Vitacura,Lost,2023-12-15,TikTok
112,Bastián Godoy Cabrera,frios@example.net,Coquimbo,Illapel,Champions,2023-10-20,Facebook/Instagram
113,Esther María Riffo Cabezas,lissette44@example.com,Coquimbo,Illapel,At Risk,2024-10-06,Referido
114,Petronila Amanda Jara Cruz,monica44@example.com,Biobío,Concepción,Champions,2024-02-18,Referido
115,Martina Rebolledo-Suárez Valdivia,catalinamancilla@example.net,Biobío,Los Ángeles,Lost,2023-04-12,Facebook/Instagram
116,Miguel González,gabrielamedina@example.net,Valparaíso,Viña del Mar,Lost,2024-11-30,TikTok
117,María Julieta Castro Díaz,freddy05@example.com,Metropolitana,Peñalolén,Loyal,2025-01-10,Email Marketing
118,Aarón José Barrientos García,contreraskatherine@example.org,Metropolitana,Lo Barnechea,Potential,2025-03-16,TikTok
119,Gael Lorenzo Velásquez Gamboa,maximo49@example.org,La Araucanía,Victoria,Champions,2023-07-19,Orgánico
120,Boris Acuña-Figueroa Matus,juanrojas@example.org,Los Lagos,Osorno,Champions,2024-07-04,Referido
121,Emilia Gallegos Espinoza,zvelasquez@example.net,Los Lagos,Puerto Varas,Potential,2023-08-16,Facebook/Instagram
122,Sergio Octavio Morales González,constanzaretamal@example.net,Los Lagos,Ancud,New,2025-06-27,Referido
123,Paulina Paloma Cortez Miranda,alonsosilva@example.net,Metropolitana,Vitacura,Potential,2024-12-23,Orgánico
124,Oriana Soledad Ruiz Suárez,genesisbarra@example.net,Valparaíso,Villa Alemana,New,2025-02-14,Facebook/Instagram
125,Ingrid Martina Aravena Chandía,antonietacornejo@example.net,Metropolitana,Providencia,At Risk,2024-11-22,Google Ads
126,Franco Navarro Segovia,usuarez@example.org,Valparaíso,Villa Alemana,Loyal,2024-06-30,Facebook/Instagram
127,Wilson Jorge Ortega Ávila,denissetorres@example.org,Valparaíso,Villa Alemana,New,2025-06-27,Email Marketing
128,Catalina Priscila Ramírez Morales,paola06@example.net,O'Higgins,Rancagua,Lost,2023-01-29,Facebook/Instagram
129,Sergio Edward Andrade Gutiérrez,nmendez@example.com,Metropolitana,Providencia,Champions,2023-11-30,Referido
130,Paz Gutiérrez San Martín,luis20@example.net,Metropolitana,Estación Central,Potential,2024-12-21,Orgánico
131,Felipe Marcelo Casanova Sánchez,sofia31@example.com,Metropolitana,La Reina,At Risk,2023-01-27,Referido
132,Alejandra Eva Reyes Villagra,taguilera@example.com,Los Lagos,Osorno,Potential,2023-12-16,Email Marketing
133,María Cecilia Mancilla Moreno,sebastian56@example.org,Biobío,Hualpén,At Risk,2024-04-06,TikTok
134,Norma Flavia Sepúlveda Yáñez,paulina34@example.com,Metropolitana,Las Condes,New,2023-03-14,Google Ads
135,Alexander Cornejo,bryan96@example.com,Metropolitana,Santiago,Loyal,2024-08-28,Facebook/Instagram
136,Jorge Belmar Manríquez,elizabethtoro@example.com,La Araucanía,Angol,At Risk,2025-01-04,Orgánico
137,Nelson Felipe Araya Soto,gutierrezjuan@example.org,Metropolitana,San Miguel,Champions,2023-12-09,Email Marketing
138,Jorge Zúñiga,luzzuniga@example.org,Maule,Curicó,Loyal,2024-02-04,Facebook/Instagram
139,Maximiliano Víctor Zenteno Bustos,ossesjose@example.net,La Araucanía,Victoria,Loyal,2023-11-03,Referido
140,Rodrigo Mateo Romero Henríquez,juancisterna@example.com,Metropolitana,Estación Central,Loyal,2023-09-25,Orgánico
141,Camila Contreras Flores,oscarorrego@example.org,Metropolitana,Providencia,At Risk,2024-02-03,TikTok
142,René Castañeda Pacheco,anaquinteros@example.org,Los Ríos,Río Bueno,Champions,2024-01-30,TikTok
143,Alejandrina Cuevas Belmar,leivacarmen@example.com,Metropolitana,Macul,Lost,2023-12-06,Facebook/Instagram
144,José Gómez-Rivas,caceresrafael@example.org,Metropolitana,Vitacura,At Risk,2025-01-07,Referido
145,Rebeca Tania Meza Rivera,acunamaximo@example.org,Maule,Constitución,Lost,2024-01-17,Google Ads
146,Jonathan Rafael Coronado Aburto,godoymartina@example.com,Antofagasta,Taltal,New,2023-03-23,Email Marketing
147,Samuel Luis Carvajal García,dsepulveda@example.com,Los Ríos,La Unión,Loyal,2023-03-30,Orgánico
148,Alicia Veas Flores,maritzaponce@example.net,Los Lagos,Puerto Varas,Potential,2024-10-22,Facebook/Instagram
149,Laura Marion Burgos Vargas,rojasjose@example.com,Metropolitana,La Reina,Loyal,2024-11-25,Facebook/Instagram
150,Yamilet Arteaga Herrera,joseoyarzo@example.net,Metropolitana,La Florida,Loyal,2023-05-09,TikTok
151,Emily Alicia Ruiz Fuentes,michelleojeda@example.com,Los Lagos,Ancud,Hibernating,2023-12-30,Email Marketing
152,Aldo Alfredo Rojas Pizarro,gilberto46@example.org,Biobío,Hualpén,Lost,2024-11-15,Google Ads
153,Margarita María Ibarra Flores,quezadatrinidad@example.org,Valparaíso,Villa Alemana,Champions,2024-11-16,Facebook/Instagram
154,Marcelo Iván Marín Rubilar,grojas@example.org,O'Higgins,Rengo,Champions,2024-11-04,Referido
155,Juan Mardones,jjara@example.com,Metropolitana,Maipú,Loyal,2023-07-21,Google Ads
156,Claudia Marcela Carrasco Contreras,dianatorres@example.com,Valparaíso,Viña del Mar,Champions,2024-03-02,Email Marketing
157,Manuel Farías Pérez,florenciavillegas@example.org,Metropolitana,Estación Central,Potential,2023-03-21,Referido
158,Ana Segovia,jfarias@example.com,Valparaíso,Villa Alemana,At Risk,2023-05-11,TikTok
159,Víctor Valencia,moralesmarina@example.net,Metropolitana,Puente Alto,Hibernating,2023-02-15,Referido
160,Ana López Véliz,patriciogallardo@example.org,Metropolitana,Lo Barnechea,Lost,2025-03-12,TikTok
161,Jorge Álvaro Muñoz González,vegaangel@example.com,Metropolitana,Vitacura,Loyal,2024-05-29,Orgánico
162,Claudio González,juan35@example.com,Biobío,Los Ángeles,Champions,2023-04-07,Facebook/Instagram
163,Susan Oyarzún,garciamarjorie@example.org,Los Lagos,Puerto Varas,Lost,2024-04-11,Orgánico
164,Sandra López Contreras,hmena@example.net,Biobío,Hualpén,Champions,2024-06-12,Orgánico
165,José Ian Peña Martínez,maria23@example.org,Coquimbo,Illapel,Hibernating,2024-02-13,TikTok
166,Ismael Guevara,kimberlysalas@example.org,Metropolitana,Providencia,Champions,2024-02-20,Referido
167,Juliana Urrutia-Urbina Cortés,felipeguerra@example.org,Metropolitana,La Florida,Lost,2025-05-03,Facebook/Instagram
168,Jorge Cristian Navarro Huerta,yorellana@example.net,O'Higgins,Santa Cruz,Champions,2024-03-15,TikTok
169,Matías Pablo Salazar Briones,alejandro51@example.net,Metropolitana,Maipú,Champions,2025-01-29,TikTok
170,Noelia Valdés Lagos,villagraclaudio@example.org,Coquimbo,Illapel,Champions,2025-01-24,Facebook/Instagram
171,Rodrigo Leyton Bastías,fernandezjosefa@example.net,Metropolitana,Quilicura,New,2023-09-16,Referido
172,Sergio José Orellana Peña,jacquelinehernandez@example.org,Coquimbo,La Serena,New,2024-01-04,Email Marketing
173,Diego Cavieres,lmunoz@example.net,Metropolitana,San Miguel,Lost,2024-07-26,TikTok
174,Lian Torres Fernández,magalybustamante@example.org,O'Higgins,San Fernando,Potential,2024-05-30,TikTok
175,Víctor Juan Aguilar Lizana,osalazar@example.net,Valparaíso,Valparaíso,Potential,2024-04-03,TikTok
176,Scarlette Katalina Pino Araya,emilia01@example.org,Los Ríos,Valdivia,Champions,2023-12-31,Referido
177,Yasmín Parraguez,hroa@example.com,Metropolitana,La Florida,At Risk,2024-09-26,Orgánico
178,Mauricio Jorge Acuña Gutiérrez,julia01@example.net,Biobío,Concepción,Potential,2024-03-29,Facebook/Instagram
179,Carlos Valenzuela Sáez,antonieta63@example.com,Coquimbo,Illapel,Loyal,2023-10-02,Google Ads
180,Fernanda Sofía Osses Gutiérrez,maria85@example.com,Valparaíso,Villa Alemana,Champions,2024-04-14,Email Marketing
181,Karla González,orellanajacqueline@example.com,Biobío,Talcahuano,At Risk,2023-02-04,Google Ads
182,Gabriel Francisco Sánchez Brito,elizabethdiaz@example.net,La Araucanía,Victoria,At Risk,2024-02-29,Referido
183,Juan Díaz,fernando23@example.net,Valparaíso,Viña del Mar,Champions,2025-03-15,Referido
184,Patricia Carrasco,iserrano@example.org,Biobío,Talcahuano,At Risk,2023-05-24,Google Ads
185,María Ivette Ibarra Urra,julia12@example.org,Biobío,Chiguayante,At Risk,2025-06-08,Referido
186,Ricardo Rojas,karen70@example.org,O'Higgins,Rancagua,Lost,2024-11-13,Referido
187,Orlando Carvajal Fernández,smorales@example.org,Metropolitana,San Miguel,Champions,2025-01-31,Email Marketing
188,Eugenia María Arancibia Vásquez,luis30@example.org,Metropolitana,Vitacura,Lost,2025-06-14,Facebook/Instagram
189,Brígida Juana Sandoval Carrasco,guerrerofrancisco@example.org,Coquimbo,Ovalle,Loyal,2025-03-09,TikTok
190,Jorge Eduardo Mardones Aburto,manuelsan-martin@example.org,O'Higgins,Pichilemu,Lost,2023-07-09,Referido
191,Eduardo Juan Sandoval Cabello,scarrasco@example.net,Valparaíso,Viña del Mar,Lost,2024-07-11,Referido
192,Carlos Pacheco,cvera@example.org,Biobío,Concepción,Champions,2024-08-31,Google Ads
193,Bárbara Barra Rosales,eduardo18@example.com,Metropolitana,Maipú,At Risk,2025-04-22,Email Marketing
194,Gabriel Diego Troncoso Quispe,allendejorge@example.org,Metropolitana,Macul,Champions,2024-08-31,Facebook/Instagram
195,Paola Karen Martínez Mercado,francisca49@example.net,Valparaíso,Villa Alemana,At Risk,2025-03-19,Facebook/Instagram
196,Claudio Freddy Miranda Martínez,jose84@example.net,Metropolitana,Estación Central,Lost,2024-11-07,TikTok
197,Emma Cortez,sanchezpatricio@example.com,Biobío,Concepción,New,2025-03-10,Email Marketing
198,Daniela Lobos,zleiva@example.com,Metropolitana,Estación Central,New,2024-04-04,Facebook/Instagram
199,Sebastián Mauricio Lagos Rivas,urrafrancisco@example.net,Coquimbo,Coquimbo,New,2023-08-02,Email Marketing
200,José Camilo Erices Morales,vicentemoreno@example.com,Los Ríos,La Unión,Champions,2023-11-17,TikTok
201,Mónica Yesica Villanueva Orellana,sierrafernanda@example.com,La Araucanía,Villarrica,Champions,2025-03-06,TikTok
202,Beatriz Amaya Celis Rojas,jorge81@example.org,Valparaíso,Viña del Mar,New,2025-02-08,TikTok
203,Javiera Rivas Astudillo,cmorales@example.com,Metropolitana,San Miguel,Champions,2023-09-25,TikTok
204,Katherine Claudia Díaz Ávila,florenciarubilar@example.net,Maule,Cauquenes,New,2023-03-19,Orgánico
205,Rodrigo Sebastián Marambio Sandoval,arayaromina@example.com,La Araucanía,Padre Las Casas,Champions,2024-04-09,Orgánico
206,Alejandro Rivera Zapata,florescristina@example.com,Metropolitana,Maipú,At Risk,2023-09-03,TikTok
207,Clorinda Castillo,zlopez@example.com,Antofagasta,Calama,Potential,2025-05-16,Google Ads
208,Manuel Córdova Córdova,mcastillo@example.com,Maule,Linares,Hibernating,2024-07-06,Email Marketing
209,Cristian Emilio Navarrete Araya,juliogarrido@example.net,Antofagasta,Tocopilla,At Risk,2023-06-03,Google Ads
210,Daniel Cifuentes,nmunoz@example.com,La Araucanía,Angol,Lost,2025-02-03,Facebook/Instagram
211,Sebastián Domingo Vera Vallejos,andres27@example.com,Biobío,Chiguayante,New,2024-09-03,Orgánico
212,María Guadalupe Jiménez Martínez,daniela87@example.net,Valparaíso,Valparaíso,New,2024-12-09,Google Ads
213,Eduardo Galaz Retamales,juanossandon@example.org,Antofagasta,Calama,Champions,2023-03-05,TikTok
214,Elizabeth Suazo Palma,marcoquiroga@example.org,O'Higgins,Santa Cruz,Lost,2024-01-30,Email Marketing
215,Teodoro Joseph Martínez Zapata,albaherrera@example.net,Metropolitana,Lo Barnechea,Champions,2024-06-06,Referido
216,María Sonia Escobar Araya,rodrigo62@example.net,Metropolitana,La Reina,Hibernating,2023-04-27,Orgánico
217,Patricio Sergio Hernández Ibarra,camilavega@example.com,Metropolitana,San Miguel,Hibernating,2024-05-21,TikTok
218,Alejandra Mia Morales Gutiérrez,zfuentealba@example.com,Maule,Constitución,Loyal,2023-01-12,Referido
219,Paola Angelina Álvarez Riffo,tcardenas@example.com,Los Ríos,Panguipulli,Lost,2023-11-18,Orgánico
220,Patricia Rodríguez Fuenzalida,james26@example.net,Metropolitana,Vitacura,Champions,2023-05-02,Orgánico
221,José Bustos Acuña,jrojas@example.com,Biobío,Los Ángeles,At Risk,2023-05-03,Facebook/Instagram
222,Elena Viviana Valencia Carrasco,maria33@example.org,Metropolitana,Ñuñoa,At Risk,2023-06-08,TikTok
223,Julio Jorquera Maldonado,luis10@example.org,Coquimbo,Illapel,Lost,2023-01-17,TikTok
224,María Alejandra Navarro Sepúlveda,romina05@example.com,Maule,Cauquenes,Potential,2024-07-17,Orgánico
225,María Galaz Rodríguez,edgardogarcia@example.org,Maule,Talca,New,2024-04-09,Facebook/Instagram
226,Karen Espinoza,ana61@example.net,Valparaíso,Valparaíso,Champions,2023-07-04,Orgánico
227,María Gabriela Sandoval Orrego,xorellana@example.com,Valparaíso,San Antonio,Champions,2024-01-08,Google Ads
228,Ignacio José Sanhueza Navarro,patriciabenitez@example.com,Metropolitana,Maipú,New,2023-07-25,TikTok
229,Carolina Tapia Parra,saraflores@example.com,Metropolitana,Macul,Champions,2024-08-24,Email Marketing
230,Horacio Manuel Gómez Quiroga,javieraosorio@example.org,O'Higgins,San Fernando,Champions,2023-04-15,Referido
231,Vicente Muñoz,raquelnunez@example.com,Maule,Cauquenes,Loyal,2023-03-16,Email Marketing
232,María Gutiérrez,juan08@example.org,Los Ríos,Panguipulli,At Risk,2024-08-04,Orgánico
233,Exequiel José Jorquera Vargas,mauro22@example.org,Los Ríos,La Unión,Lost,2024-06-04,Referido
234,Valentín Rodrigo Barría Vásquez,gallardomiguel@example.org,Biobío,Talcahuano,Hibernating,2023-02-13,Facebook/Instagram
235,Eliana Paola Pérez Durán,josefa12@example.org,Los Lagos,Castro,At Risk,2024-09-05,Email Marketing
236,Gilda Allendes Ávila,lopezalejandro@example.com,Antofagasta,Tocopilla,Lost,2023-02-28,Orgánico
237,Fidel Juan Velásquez Vásquez,vmunoz@example.com,Maule,Curicó,Champions,2023-02-01,Orgánico
238,Alejandra Rosa Figueroa Castro,david76@example.com,Metropolitana,Estación Central,New,2024-03-04,Referido
239,Rosa Oñate,ocontreras@example.org,Valparaíso,Viña del Mar,At Risk,2024-08-30,TikTok
240,Gustavo Sandoval-Galdames Jara,zamoranoema@example.org,Metropolitana,Las Condes,New,2023-09-20,Orgánico
241,Carlos Beltrán Fierro,heribertocastro@example.net,Coquimbo,Coquimbo,Loyal,2024-02-22,Google Ads
242,Manuel Cárcamo,manuelsoto@example.org,Biobío,Talcahuano,At Risk,2023-01-29,Orgánico
243,Héctor Juan Ortega Castro,martina49@example.net,Metropolitana,La Reina,New,2023-03-11,Google Ads
244,Lukas Abraham Garrido Paredes,jiturra@example.com,La Araucanía,Padre Las Casas,At Risk,2023-11-03,Facebook/Instagram
245,Cristian Suazo Barra,rojasmaximiliano@example.com,Biobío,Los Ángeles,Loyal,2024-05-13,Orgánico
246,Jaime Edgardo Inostroza Muñoz,mirandamiguel@example.org,Metropolitana,Santiago,Lost,2024-01-04,Google Ads
247,Astrid Sánchez Rojas,blancasoto@example.net,Metropolitana,Lo Barnechea,At Risk,2024-12-16,Google Ads
248,José Gallegos,gutierrezmiguel@example.org,La Araucanía,Temuco,At Risk,2023-08-06,Google Ads
249,Humberto Ricardo Meza Rubilar,marcia75@example.com,Valparaíso,Viña del Mar,Champions,2024-03-25,Email Marketing
250,Danilo Aranda Casanova,aravenaelizabeth@example.net,Los Lagos,Osorno,Champions,2025-05-19,Facebook/Instagram
251,María Deyanira Oliva Reyes,misael23@example.org,Valparaíso,Villa Alemana,Champions,2025-03-23,Email Marketing
252,José John Villegas Durán,ggallardo@example.com,Maule,Talca,Loyal,2023-12-29,Referido
253,Victoria María Zapata Soto,pamela84@example.com,Biobío,Chiguayante,Champions,2025-03-08,Email Marketing
254,José Francisco Meza Manríquez,mariasilva@example.com,Biobío,Hualpén,Champions,2023-06-10,Email Marketing
255,Brayan Juan Quiroga Vargas,oscaraguirre@example.org,O'Higgins,Rengo,Champions,2023-09-30,Orgánico
256,Evelyn Estefanía Vera Gómez,alejandrasanchez@example.com,Valparaíso,San Antonio,Hibernating,2024-05-21,Facebook/Instagram
257,Gabriela Belén Almonacid Erices,josepoblete@example.org,Metropolitana,Las Condes,Loyal,2025-05-10,Orgánico
258,Juan Yerko Muñoz-Valenzuela Cabezas,hugo33@example.org,Metropolitana,Estación Central,Hibernating,2025-04-03,Referido
259,Abel Freddy Araya Molina,fernandezedgardo@example.org,Los Lagos,Puerto Montt,Champions,2024-12-09,Referido
260,Luciana María Sánchez Salamanca,francisco48@example.org,Biobío,Hualpén,Champions,2023-01-09,Orgánico
261,Carlos Sepúlveda Venegas,sgodoy@example.com,La Araucanía,Villarrica,New,2024-10-29,Email Marketing
262,Francisco Gallardo Araya,christian25@example.org,Metropolitana,Santiago,Loyal,2024-01-01,Facebook/Instagram
263,Filomena Liliana Araya Pinto,beatrizsilva@example.com,Metropolitana,Peñalolén,Champions,2023-10-01,Email Marketing
264,Flor Matamala Padilla,jorge35@example.com,Metropolitana,Puente Alto,Potential,2023-08-04,Email Marketing
265,Sebastián Carlos Leal Arévalo,hectorfuentes@example.org,Metropolitana,Vitacura,Loyal,2023-04-22,Email Marketing
266,Derek Carlos Muñoz Díaz,rojaspaula@example.org,Biobío,Concepción,At Risk,2023-10-24,TikTok
267,Juan Benedicto Henríquez Cisternas,mariaguzman@example.org,Metropolitana,San Miguel,Champions,2023-12-25,TikTok
268,Isabel María Alarcón Muñoz,daniela00@example.org,Valparaíso,San Antonio,Loyal,2023-10-09,TikTok
269,Juan Rodríguez Guerrero,bricenomatias@example.com,O'Higgins,Santa Cruz,Lost,2023-05-18,Referido
270,Monserrat Mendoza,saezfrancisco@example.net,Metropolitana,Puente Alto,At Risk,2023-11-27,Facebook/Instagram
271,Milton Leiva Oliva,carloscifuentes@example.org,Valparaíso,Villa Alemana,Champions,2024-11-18,Referido
272,Gabriel Luis Hernández Díaz,eecheverria@example.net,Los Lagos,Castro,Lost,2023-12-14,Referido
273,Abraham Llanos,cardenasdomingo@example.org,Metropolitana,La Florida,At Risk,2024-09-18,Facebook/Instagram
274,Deyanira Millaray Castillo López,adriansalinas@example.net,Biobío,Hualpén,Champions,2025-05-13,Orgánico
275,Nidia Lobos Ferreira,waguayo@example.org,O'Higgins,Rancagua,New,2024-04-08,Orgánico
276,Isabella Bórquez,parrapamela@example.org,Antofagasta,Tocopilla,Loyal,2024-09-23,Google Ads
277,Jennifer Claudia Núñez Barraza,vmunoz@example.net,Metropolitana,Peñalolén,Hibernating,2023-09-28,Email Marketing
278,Gabriela Claudia Bravo Riveros,anavera@example.org,Antofagasta,Antofagasta,Champions,2024-04-26,Referido
279,Sofía María Robles Aravena,cristian06@example.net,Valparaíso,Villa Alemana,Potential,2024-02-26,TikTok
280,Patricio Gaspar Olguín Barrientos,javieraacevedo@example.net,Metropolitana,La Florida,New,2023-09-09,Email Marketing
281,Patricio Mendoza Pardo,morenomartina@example.com,Valparaíso,Valparaíso,New,2024-07-07,Email Marketing
282,Constanza Isabel Orellana González,ecartes@example.com,Los Ríos,La Unión,At Risk,2024-08-28,TikTok
283,Ayleen Mariluz Marchant Llanos,catalina06@example.com,Valparaíso,Valparaíso,Loyal,2023-12-26,Facebook/Instagram
284,José Sergio Carreño Troncoso,jorgegomez@example.org,Metropolitana,Maipú,Champions,2023-08-19,Orgánico
285,Lilian Elizabeth Segura Valdivia,karin60@example.org,Biobío,Los Ángeles,Potential,2024-07-08,Google Ads
286,Jorge Reyes Muñoz,zunigaalonso@example.net,Metropolitana,Estación Central,New,2024-05-17,Email Marketing
287,Eugenio Mella Arenas,fcruz@example.org,Metropolitana,Estación Central,Loyal,2024-08-15,Email Marketing
288,José Guerrero,castillomanuel@example.com,Metropolitana,San Miguel,Champions,2023-09-07,Email Marketing
289,Maximiliano Elías Muñoz Miranda,qcorrea@example.com,Metropolitana,Quilicura,New,2023-04-28,TikTok
290,Anahí Aguilera Ayala,sergiomonsalve@example.org,Metropolitana,La Florida,New,2024-10-08,Orgánico
291,Manuel Aguayo Navarrete,jose84@example.org,Metropolitana,Macul,New,2024-05-24,Facebook/Instagram
292,Julio Arturo Jiménez Godoy,isidorafarias@example.com,Biobío,Chiguayante,At Risk,2023-01-12,Orgánico
293,Isabel Castillo Vega,maria26@example.org,Metropolitana,Santiago,Champions,2023-04-18,Email Marketing
294,Bárbara Venegas López,sandra82@example.com,Metropolitana,Providencia,Loyal,2023-03-15,Google Ads
295,María Francisca Garrido Tapia,manuel23@example.com,O'Higgins,Rancagua,Loyal,2024-05-27,Orgánico
296,Lourdes Paula Alvarado Marín,jdominguez@example.org,Valparaíso,Viña del Mar,New,2023-04-03,Referido
297,Lilian Denisse Henríquez Llanos,baltazar70@example.com,Biobío,Chiguayante,At Risk,2024-04-11,Google Ads
298,Nora Arias Mella,nataly85@example.org,Metropolitana,Macul,New,2023-05-15,Facebook/Instagram
299,Benjamín González Molina,verdugomonserrat@example.net,Metropolitana,Peñalolén,At Risk,2023-03-31,Email Marketing
300,Álvaro Salinas Paredes,marcelo82@example.com,Metropolitana,Las Condes,Lost,2024-05-06,Google Ads
301,Luz Evelin Pérez González,csalinas@example.net,Metropolitana,Peñalolén,Loyal,2024-01-14,Orgánico
302,Mercedes Álvarez-Prieto,germangonzalez@example.com,Metropolitana,La Florida,At Risk,2024-09-11,Referido
303,Sebastián Alejandro Plaza Vera,yessenia16@example.com,Metropolitana,Vitacura,Lost,2023-08-04,Email Marketing
304,Nancy Paola De La Fuente Sandoval,katherinepadilla@example.org,Metropolitana,La Florida,Loyal,2024-05-25,Google Ads
305,Luciano Troncoso Muñoz,rosa13@example.com,Metropolitana,Providencia,Lost,2023-02-10,Facebook/Instagram
306,Laura Rebeca Araya Bravo,vergarablanca@example.org,Valparaíso,Quilpué,Lost,2023-04-17,TikTok
307,Estefanía Andrea Contreras Parra,jose32@example.net,Metropolitana,Vitacura,Champions,2024-03-05,Email Marketing
308,Gianfranco Daniel Reyes Díaz,francisca74@example.org,Metropolitana,Las Condes,Champions,2023-07-08,Google Ads
309,Hernán Matías Hernández Contreras,juanvalenzuela@example.org,Valparaíso,San Antonio,New,2023-10-31,Orgánico
310,Manuel Reyes,christopherayala@example.org,La Araucanía,Villarrica,Potential,2023-09-02,Google Ads
311,Luis Ramón Rojas Carvajal,catalinaflores@example.com,Metropolitana,Lo Barnechea,At Risk,2023-01-20,Facebook/Instagram
312,Catalina Rodríguez Peñaloza,wguerrero@example.com,Los Lagos,Puerto Montt,New,2023-07-18,Orgánico
313,Patricia Miriam Álvarez Ortiz,ignaciacarcamo@example.net,Biobío,Hualpén,Champions,2024-06-28,Google Ads
314,Axel Henríquez Gómez,silvia83@example.org,Metropolitana,La Reina,Lost,2023-09-06,TikTok
315,Viviana Ana Pavez Muñoz,jvidal@example.com,O'Higgins,Rengo,At Risk,2024-11-29,TikTok
316,Martín Lucio Quijada Ramírez,aedofernando@example.org,Antofagasta,Antofagasta,Loyal,2024-07-15,Referido
317,Víctor Meza García,jsaez@example.com,Metropolitana,Las Condes,Lost,2025-03-13,Referido
318,Rosa Naranjo,raul38@example.com,Metropolitana,Quilicura,Champions,2025-03-27,Orgánico
319,Camila Gloria Leal Valenzuela,luz37@example.org,Maule,Constitución,At Risk,2024-01-06,Referido
320,Javier Alfaro Monsalve,ocortes@example.com,Los Lagos,Puerto Varas,Loyal,2024-06-27,Facebook/Instagram
321,Matías Cares López,paulaalbornoz@example.net,Metropolitana,Las Condes,Potential,2025-02-24,Facebook/Instagram
322,María Ana Gutiérrez Vilches,mirkosilva@example.org,Metropolitana,Peñalolén,Hibernating,2024-02-26,Referido
323,Luis Ruiz Valdivia,mariatapia@example.com,Metropolitana,Quilicura,At Risk,2024-07-09,Facebook/Instagram
324,José González Santander,victor22@example.net,Valparaíso,Valparaíso,Champions,2024-09-17,Google Ads
325,Mauricio Marco Olivares Muñoz,diego13@example.net,Biobío,Hualpén,Loyal,2024-10-29,Email Marketing
326,Danae María Rivas-Pérez Quintana,wmolina@example.org,Metropolitana,Estación Central,New,2025-01-17,Facebook/Instagram
327,Marcela Villablanca Solís,fmoya@example.com,Valparaíso,Viña del Mar,At Risk,2024-11-27,Facebook/Instagram
328,Carlos Emilio Villagra Acuña,vgonzalez@example.net,Los Lagos,Puerto Montt,Loyal,2023-01-16,Email Marketing
329,Leandro Bobadilla Cisternas,floresjose@example.net,Metropolitana,La Reina,Lost,2023-03-27,Email Marketing
330,Judith Loreto Contreras Mejías,mariamunoz@example.org,Metropolitana,Lo Barnechea,Lost,2024-10-02,Facebook/Instagram
331,Macarena Geraldine Alarcón Jara,florencia38@example.net,La Araucanía,Padre Las Casas,At Risk,2024-05-22,Google Ads
332,Galvarino Gaete,valenzuelaevelin@example.com,O'Higgins,Pichilemu,New,2024-07-27,Google Ads
333,María Valdés Carrasco,gbugueno@example.org,Valparaíso,Viña del Mar,At Risk,2023-08-13,TikTok
334,Patricio Mendoza,lilianahernandez@example.net,Valparaíso,Villa Alemana,Champions,2025-05-03,Referido
335,Jesús Leal-Medel,lesliegonzalez@example.net,Metropolitana,Lo Barnechea,Champions,2025-04-21,Email Marketing
336,María Almonacid Sandoval,leonorvergara@example.org,Valparaíso,San Antonio,Champions,2024-07-15,TikTok
337,Margarita Rojas Sepúlveda,gloria47@example.org,Valparaíso,San Antonio,At Risk,2023-07-08,Facebook/Instagram
338,Francisco Gallardo Morales,vargasnadia@example.net,Metropolitana,San Miguel,Potential,2023-06-25,Facebook/Instagram
339,Olivia María Araya Espinoza,felipevalenzuela@example.com,Metropolitana,Providencia,Champions,2023-06-01,Referido
340,José Moreno-Méndez Mondaca,mariana92@example.org,Metropolitana,La Florida,At Risk,2024-12-20,Facebook/Instagram
341,Carlos Quiroga Mella,ypavez@example.org,Metropolitana,Maipú,At Risk,2025-03-28,Email Marketing
342,Camila Ruiz,sepulvedamaria@example.com,Metropolitana,Vitacura,Champions,2024-04-12,Referido
343,Cecilia Rubilar Rosales,franciscooyarzo@example.com,Metropolitana,Maipú,Loyal,2024-10-09,Facebook/Instagram
344,Sofía Camila Barrera Pino,susana80@example.com,Metropolitana,Estación Central,New,2023-05-12,Orgánico
345,Roxana Yesenia Fuentes Guajardo,tomasmoya@example.com,Metropolitana,La Reina,Lost,2025-01-02,Referido
346,Juan Heraldo Guerrero Castro,victor62@example.com,O'Higgins,Rengo,Loyal,2023-01-20,TikTok
347,Daniela Martha Fuentes Gutiérrez,hernantoro@example.org,Biobío,Hualpén,Lost,2024-11-16,Email Marketing
348,Uberlinda Soto,berrioslaura@example.com,La Araucanía,Villarrica,At Risk,2024-02-02,Email Marketing
349,Melany Pamela Solís Toledo,lucia27@example.org,Los Lagos,Osorno,Loyal,2024-07-05,Orgánico
350,Maritza Irene Bustos Navarrete,iruiz@example.net,Valparaíso,Quilpué,At Risk,2023-06-07,TikTok
351,María Cid Fuentes,garciahernan@example.net,Metropolitana,San Miguel,Champions,2023-08-24,Google Ads
352,Johanna Nelly Benítez Castillo,diaznelson@example.net,Valparaíso,Villa Alemana,Champions,2024-05-26,Referido
353,Leonel Fernando Sáez Lucero,munozmaria@example.net,Biobío,Los Ángeles,Champions,2025-06-11,Google Ads
354,Ignacio Emanuel Pereira Muñoz,graciela40@example.com,Los Lagos,Castro,Loyal,2024-04-17,Referido
355,Rodrigo Román Gutiérrez,britoguillermo@example.net,Valparaíso,Quilpué,At Risk,2025-06-10,TikTok
356,Teresa Ossandón-Rojas,robertocid@example.org,Metropolitana,Lo Barnechea,Champions,2025-03-11,TikTok
357,Manuela Torres,juan36@example.net,Metropolitana,Providencia,Loyal,2024-08-22,Facebook/Instagram
358,Luis Juan Hernández Díaz,walterastudillo@example.org,Metropolitana,San Miguel,Lost,2025-04-11,Referido
359,Marcia Ceballos,aguileragustavo@example.com,Biobío,Los Ángeles,Loyal,2025-06-07,Google Ads
360,Pedro Jonas Belmar López,alvarezpablo@example.net,Biobío,Los Ángeles,At Risk,2023-08-11,TikTok
361,Valentina López Oyarce,ruizdennis@example.org,Metropolitana,Maipú,New,2023-06-29,Facebook/Instagram
362,Jonas Baltazar Navarrete Bustos,leondaniel@example.com,Los Ríos,Río Bueno,Lost,2024-04-21,Google Ads
363,Luis Sebastián González Campos,piarojas@example.net,Biobío,Concepción,Loyal,2024-08-12,Facebook/Instagram
364,Katherine Dania Molina Martinez,juan04@example.com,Metropolitana,San Miguel,Potential,2025-04-28,Facebook/Instagram
365,Cristóbal Valentín López Gutiérrez,benjamin55@example.org,Metropolitana,San Miguel,Lost,2025-06-16,TikTok
366,Valeria Paulina Alarcón Pavez,tcordova@example.net,Metropolitana,Macul,Potential,2023-08-19,TikTok
367,Pedro Pérez,kfarias@example.net,Metropolitana,Providencia,Loyal,2023-09-19,TikTok
368,Juan Benjamín Montecino Aravena,xandrade@example.net,Metropolitana,La Reina,Loyal,2023-03-13,Facebook/Instagram
369,Luis Brian Vergara Cabrera,victor74@example.com,Metropolitana,La Florida,New,2023-06-01,Google Ads
370,Oscar Carmona,qinostroza@example.com,Metropolitana,Maipú,Champions,2024-12-09,Referido
371,Mauricio Alfredo Cerda Becerra,martinezjuan@example.com,Metropolitana,Santiago,New,2024-05-22,Google Ads
372,Patricio Blanco Cárdenas,iaguilera@example.com,O'Higgins,Rancagua,Lost,2024-06-29,Email Marketing
373,Cristian David Aguirre Núñez,mvalladares@example.org,Metropolitana,Estación Central,New,2024-05-19,TikTok
374,Rocio Martínez Candia,sepulvedajhon@example.net,Valparaíso,Valparaíso,Lost,2023-05-21,TikTok
375,Verónica Rivas Orellana,ygonzalez@example.org,Valparaíso,San Antonio,New,2024-11-21,Google Ads
376,Yasna Samantha Pizarro Morales,belenalvarado@example.net,Los Ríos,La Unión,New,2024-06-21,Google Ads
377,Clementina Evelyn Maldonado Flores,eduardo94@example.net,Metropolitana,Macul,Loyal,2024-09-28,Email Marketing
378,Gabriela Fuentes,gonzalezkatherine@example.org,Metropolitana,Santiago,At Risk,2024-08-15,TikTok
379,Constanza Jara Concha,rojascindy@example.net,Coquimbo,Illapel,Champions,2024-12-13,Facebook/Instagram
380,Manuel Uribe-Flores,ricardoromero@example.net,O'Higgins,San Fernando,Champions,2024-05-27,Referido
381,Bruno Ponce,dennisreyes@example.net,Maule,Cauquenes,At Risk,2023-06-08,Google Ads
382,Alberto Felipe Araya Albornoz,marcelohuerta@example.com,Metropolitana,La Florida,Loyal,2024-09-13,Referido
383,María Garrido,ferradajulian@example.net,Metropolitana,Ñuñoa,Lost,2024-09-05,Facebook/Instagram
384,Raúl Alexander Cortés Aravena,carlosavalos@example.com,Biobío,Los Ángeles,Champions,2023-04-17,Referido
385,Marcos Ávila,alejandra99@example.com,Antofagasta,Tocopilla,Potential,2023-02-04,Referido
386,Jonathan José Jerez Vásquez,evelynfaundez@example.com,Biobío,Hualpén,Champions,2025-06-27,Google Ads
387,Lucas Canales Araya,clotilde33@example.net,Biobío,Los Ángeles,At Risk,2025-06-04,Google Ads
388,Luis Ramón Pérez Gómez,ricardomontecinos@example.org,Metropolitana,Las Condes,At Risk,2023-07-20,TikTok
389,Alan Francisco Villegas Oyarce,torresconsuelo@example.org,Los Lagos,Castro,Loyal,2024-05-05,Email Marketing
390,Estefanía Sonia Aguilar Araneda,naranjopaola@example.org,Metropolitana,Macul,New,2024-08-31,Email Marketing
391,Juan Gómez-Gatica,jaratomas@example.org,Metropolitana,La Florida,Champions,2023-12-10,Orgánico
392,Helena Jessica Jaramillo-Opazo Aravena,culloa@example.org,Valparaíso,Quilpué,New,2023-04-21,Referido
393,Francisco Díaz Jiménez,nmorales@example.net,Valparaíso,Viña del Mar,Loyal,2023-10-15,Referido
394,Luis Sandoval Sepúlveda,olmosbryan@example.net,Metropolitana,Quilicura,Hibernating,2023-12-07,Google Ads
395,Martín Martínez,rojasangela@example.net,Metropolitana,Quilicura,Champions,2023-05-12,Facebook/Instagram
396,María Nicole Arenas Mendoza,cristoballobos@example.net,Biobío,Hualpén,New,2024-01-19,Orgánico
397,Roberto Manuel Díaz-Castro Toledo,orellanajaime@example.com,Metropolitana,Maipú,Champions,2023-01-24,Google Ads
398,Valentina Ana González Campos,bustamantejuan@example.com,Biobío,Concepción,Champions,2023-05-22,Facebook/Instagram
399,Florencia Jacqueline Troncoso Sandoval,jose37@example.net,Metropolitana,Maipú,New,2023-01-25,Orgánico
400,Blanca Loyola Rebolledo,luisriquelme@example.org,Valparaíso,Quilpué,Champions,2024-04-04,Google Ads
401,Vicente Moncada,camposyesenia@example.net,Valparaíso,Quilpué,Champions,2023-06-13,Referido
402,Miguel Hugo Vergara Salazar,katherine45@example.org,Metropolitana,Santiago,Loyal,2025-02-09,TikTok
403,Edith Alvarado,freddysanchez@example.org,Metropolitana,Peñalolén,Lost,2024-03-31,Orgánico
404,Francisco Joel Concha Abarca,lbravo@example.net,Metropolitana,Las Condes,Loyal,2023-04-26,Facebook/Instagram
405,Francesca Rojas,benjamincaceres@example.net,Metropolitana,Santiago,Champions,2025-06-16,Email Marketing
406,Vivian María Bravo Correa,nunezjairo@example.net,Los Ríos,Corral,Potential,2023-07-10,Email Marketing
407,Elizabeth Díaz González,teresaflores@example.org,Metropolitana,Lo Barnechea,Loyal,2025-05-21,Facebook/Instagram
408,Franco Benjamín Millán Vega,antonia83@example.com,Maule,Talca,Potential,2025-05-08,Orgánico
409,Karen Ana Fonseca Oliva,raul37@example.com,Metropolitana,San Miguel,Lost,2024-02-13,Email Marketing
410,Víctor Pereira-Mansilla,gutierrezdiego@example.com,La Araucanía,Temuco,Champions,2023-10-08,Referido
411,David Prado Araya,mellaevelyn@example.com,Los Lagos,Puerto Montt,New,2025-03-29,TikTok
412,Jaime Sáez Guzmán,juan35@example.net,Biobío,Talcahuano,At Risk,2023-08-06,TikTok
413,Belén Villarroel Albornoz,jaime60@example.net,Valparaíso,Villa Alemana,New,2023-10-14,Orgánico
414,Juana Pamela Pizarro Luengo,nunezanais@example.net,Valparaíso,Viña del Mar,At Risk,2024-07-06,Email Marketing
415,Hugo Pascual Mansilla Barrientos,colombaduran@example.net,Metropolitana,San Miguel,At Risk,2023-01-11,TikTok
416,Héctor Francisco Valdés Guerrero,bvalenzuela@example.org,Antofagasta,Tocopilla,At Risk,2025-01-19,Orgánico
417,Martín Eduardo Contreras Pérez,martaflores@example.net,Maule,Constitución,New,2023-08-20,Email Marketing
418,Lía Alarcón Navarrete,qalbornoz@example.org,Coquimbo,Vicuña,Champions,2023-10-28,Email Marketing
419,Ruth Contreras Lazo,hurtadopaola@example.net,Metropolitana,Estación Central,Loyal,2023-06-05,Referido
420,Douglas Fernández-González,rauljaque@example.net,La Araucanía,Angol,Lost,2025-02-10,Facebook/Instagram
421,Ruth Riquelme Delgado,fernando55@example.net,Antofagasta,Antofagasta,Hibernating,2024-05-15,Facebook/Instagram
422,Marcelo Arroyo Cortés,ocastillo@example.com,Metropolitana,Maipú,Lost,2025-05-02,Google Ads
423,Pedro Raúl Rojas Escobar,ortegacarolina@example.com,Metropolitana,San Miguel,Loyal,2024-06-09,Orgánico
424,Ricardo Isaías González Navarrete,ivangarcia@example.net,Los Lagos,Castro,Lost,2025-01-10,Google Ads
425,Axel Juan Escalona Parra,zmancilla@example.net,Biobío,Los Ángeles,At Risk,2024-07-12,Facebook/Instagram
426,Luis Jara Núñez,henry14@example.org,Maule,Curicó,Hibernating,2023-10-23,TikTok
427,Gustavo Luis Cuevas Vivanco,silvia81@example.net,Metropolitana,Macul,Champions,2025-01-04,Referido
428,María Victoria Chandía Marambio,nespinoza@example.org,Los Lagos,Osorno,Lost,2023-06-01,Orgánico
429,Ángel Barría González,milton20@example.com,Metropolitana,Vitacura,New,2024-12-09,Orgánico
430,Elizabeth Emilia González Sánchez,allendesjose@example.net,Metropolitana,Las Condes,Loyal,2024-11-15,Google Ads
431,Sara Monserrat Martínez Molina,zperez@example.org,Metropolitana,Maipú,Potential,2023-12-15,Facebook/Instagram
432,Carlos Jorge León Núñez,hectorcalderon@example.com,Maule,Constitución,Potential,2025-03-21,Referido
433,Carolina Catalina Ramos Vallejos,joselynpardo@example.net,Biobío,Talcahuano,At Risk,2024-01-20,Facebook/Instagram
434,Erica Maturana Moreno,rene77@example.com,Valparaíso,Valparaíso,Loyal,2025-02-16,TikTok
435,Vania Elizabeth Ceballos Cavieres,ecarrillo@example.com,Metropolitana,Providencia,Lost,2023-11-07,Facebook/Instagram
436,Tiare Bustos Díaz,cramirez@example.net,O'Higgins,Santa Cruz,At Risk,2023-04-17,TikTok
437,Sofía Scarlett Muñoz Flores,contrerasmanuel@example.net,Metropolitana,Puente Alto,Lost,2023-01-16,Facebook/Instagram
438,Francis Ana Cárdenas Piña,carlos12@example.org,Maule,Cauquenes,Champions,2023-06-19,TikTok
439,Sara Delia Bustamante Toro,kjimenez@example.net,Valparaíso,San Antonio,New,2024-12-27,Facebook/Instagram
440,José Mercado Fuentes,humberto75@example.com,Metropolitana,Macul,Loyal,2025-06-16,Referido
441,Bastián Esteban Cisternas Guzmán,josefa18@example.org,Valparaíso,San Antonio,At Risk,2024-02-08,Google Ads
442,Carlos Michel Gallardo Ahumada,clementinavillegas@example.com,Metropolitana,Maipú,Loyal,2025-02-27,Orgánico
443,Gustavo José González Ferreira,agustina22@example.net,Los Lagos,Castro,Lost,2024-03-31,Facebook/Instagram
444,Juana Gisela Soto Badilla,zrodriguez@example.net,Valparaíso,Villa Alemana,At Risk,2024-04-17,Google Ads
445,Jorge Félix Cifuentes Rodríguez,patricio99@example.com,Metropolitana,Maipú,At Risk,2023-12-15,Referido
446,Amelia Baez Álvarez,ksuarez@example.net,O'Higgins,Pichilemu,Loyal,2024-04-17,Email Marketing
447,María Laura Quispe Delgado,cmora@example.com,Metropolitana,La Florida,At Risk,2024-05-22,TikTok
448,María Uribe,lunafabiana@example.net,Valparaíso,Valparaíso,Lost,2024-02-12,Orgánico
449,Pablo José Correa Olivares,manuel75@example.com,O'Higgins,Santa Cruz,Champions,2023-05-13,Facebook/Instagram
450,Mariana Ojeda Orellana,pgonzalez@example.com,Biobío,Talcahuano,At Risk,2023-06-20,Orgánico
451,Florencia Marta Tapia Aros,luzgarcia@example.net,Metropolitana,Peñalolén,Potential,2025-02-11,TikTok
452,Marcela Berta Bustos Garrido,arayaerika@example.net,Antofagasta,Antofagasta,Lost,2023-08-28,Google Ads
453,Exequiel Kevin Paredes Muñoz,gramirez@example.net,Biobío,Chiguayante,Champions,2025-06-13,Facebook/Instagram
454,Olga Catalina San Martín Ruiz,smarchant@example.net,Metropolitana,Peñalolén,At Risk,2025-06-14,Orgánico
455,Emiliano Héctor Vera Sepúlveda,tgarces@example.com,Metropolitana,San Miguel,Lost,2023-08-02,Referido
456,Camila Corina Contreras Luna,maturanamaria@example.org,Los Lagos,Castro,Hibernating,2024-10-20,Referido
457,Benito Tobar Rojas,anastasiacastro@example.net,Biobío,Los Ángeles,Champions,2024-06-28,Google Ads
458,María Zamora,martinasanchez@example.com,Valparaíso,Villa Alemana,Champions,2024-06-23,Facebook/Instagram
459,Marta Sonia Campos Mardones,dcontreras@example.org,O'Higgins,San Fernando,Potential,2024-04-14,Orgánico
460,Rita Emilia Arancibia Jara,alfredo17@example.org,Los Lagos,Osorno,At Risk,2023-10-29,Referido
461,Darwin Manuel Arias Pinto,xreyes@example.net,Metropolitana,Quilicura,Potential,2023-08-05,Email Marketing
462,Fernando Jonathan Guzmán Quintanilla,galvezwilly@example.org,Metropolitana,Lo Barnechea,At Risk,2023-07-07,Facebook/Instagram
463,Tania Edith González Cisternas,claudiocisternas@example.org,Metropolitana,Ñuñoa,Potential,2023-08-08,Email Marketing
464,Vicente Carlos Vidal Ramírez,marcela36@example.com,Los Lagos,Puerto Varas,Loyal,2024-04-16,Google Ads
465,Rosa María Vargas-Navarrete Cortez,jonathandonoso@example.net,Metropolitana,Estación Central,Champions,2025-01-25,Orgánico
466,María Guzmán García,torresrayen@example.org,Biobío,Hualpén,New,2024-04-26,Orgánico
467,Bárbara Victoria Silva Mendoza,perezconstanza@example.net,Los Lagos,Castro,Hibernating,2023-04-18,TikTok
468,Diego Cristóbal Gatica Quezada,aolmos@example.org,O'Higgins,Rancagua,Potential,2023-08-28,Email Marketing
469,María Altamirano Hernández,ivan06@example.net,Metropolitana,Quilicura,Loyal,2024-02-24,Facebook/Instagram
470,Ariel Villagra Calderón,carmen67@example.com,Maule,Curicó,Hibernating,2023-03-22,Facebook/Instagram
471,Fernanda Marcia Lizana Montecinos,ianmansilla@example.net,Metropolitana,Providencia,Loyal,2024-02-11,Google Ads
472,Daniela Fuentealba,mariasanchez@example.org,Maule,Curicó,At Risk,2023-03-23,Referido
473,Marisol Evelyn González Cornejo,patricio26@example.net,Metropolitana,La Reina,At Risk,2023-09-16,Email Marketing
474,Boris Carlos Rivas González,secheverria@example.net,Metropolitana,Lo Barnechea,Loyal,2025-02-11,Email Marketing
475,José Víctor Barría Lizama,garciakatherine@example.org,Los Lagos,Puerto Montt,Loyal,2025-03-19,Orgánico
476,Eva Emilia García Montecinos,bmendoza@example.org,Metropolitana,Macul,Champions,2024-02-26,TikTok
477,Luis Barrientos,zcontreras@example.net,Metropolitana,Puente Alto,New,2023-04-14,Referido
478,Javiera Rosa Saavedra Briones,juan36@example.net,La Araucanía,Temuco,Potential,2024-06-01,Google Ads
479,Natalia Tatiana Villar Ramírez,patriciotorres@example.net,La Araucanía,Temuco,At Risk,2025-04-03,Referido
480,Lidia Martina Rodríguez Riquelme,emmasoto@example.org,Biobío,Los Ángeles,At Risk,2024-08-14,Facebook/Instagram
481,Mónica Morales Vallejos,villalobosalex@example.org,La Araucanía,Victoria,At Risk,2024-10-17,TikTok
482,Karla Cornejo,aliagaluz@example.org,Valparaíso,Viña del Mar,Hibernating,2023-11-01,Referido
483,Alejandra Vargas Díaz,segundocaballero@example.net,Metropolitana,Estación Central,Champions,2023-07-10,Orgánico
484,Matías Felipe Díaz Jaque,juan79@example.net,Metropolitana,La Reina,Lost,2024-04-22,Google Ads
485,Vanessa María Fica Salgado,onavarro@example.com,Metropolitana,Santiago,Loyal,2024-12-11,Facebook/Instagram
486,Mauricio José Soto Mendoza,jofreandres@example.org,O'Higgins,San Fernando,At Risk,2023-05-06,Facebook/Instagram
487,Gladys Digna Riffo Vera,leonardomamani@example.net,Biobío,Los Ángeles,Champions,2025-06-28,Facebook/Instagram
488,Daniella Andrea Bustos Vivanco,silviaretamal@example.org,Valparaíso,Quilpué,Champions,2024-11-13,Google Ads
489,José Villarroel Duarte,vmellado@example.org,Valparaíso,San Antonio,Loyal,2024-02-14,Facebook/Instagram
490,María Ana Cáceres Fernández,carlos61@example.org,Antofagasta,Tocopilla,Champions,2023-08-07,Email Marketing
491,Juan Iturra Rivera,escobarmaria@example.org,Metropolitana,La Reina,At Risk,2023-07-01,TikTok
492,Julio Pedro Jara Vargas,mirandayuri@example.org,Biobío,Los Ángeles,Champions,2025-06-06,Google Ads
493,Manuel Ibarra,rgallardo@example.net,Valparaíso,San Antonio,Hibernating,2023-04-09,TikTok
494,Catalina Constanza Tapia Pérez,kbelmar@example.net,Biobío,Chiguayante,Champions,2025-06-28,Email Marketing
495,Victoria Alicia Riquelme Cerda,mariafuentes@example.com,Metropolitana,Estación Central,Champions,2024-08-26,Orgánico
496,Pamela García,danae98@example.org,O'Higgins,Rengo,At Risk,2024-02-21,Facebook/Instagram
497,Yerko Barrientos,marcelonunez@example.net,Antofagasta,Taltal,Champions,2024-10-03,Referido
498,Pablo Felipe Figueroa Gómez,juangarces@example.com,Biobío,Concepción,Loyal,2023-11-01,Referido
499,Gladys Ibarra,moragaflavia@example.net,La Araucanía,Victoria,New,2025-03-21,Facebook/Instagram
500,Juan José Leiva Navarro,jortega@example.net,Antofagasta,Tocopilla,At Risk,2024-06-01,Referido
501,Pascuala Lía Garrido Montenegro,galleguillosjuan@example.org,La Araucanía,Angol,At Risk,2023-09-07,Facebook/Instagram
502,Giselle García Tapia,daniel48@example.com,Metropolitana,Macul,Loyal,2024-08-12,Orgánico
503,Gonzalo Muñoz Bascuñán,mirta16@example.org,Biobío,Hualpén,Champions,2023-10-22,Referido
504,Yasna Esmeralda Cavieres Marín,figueroaalexandra@example.net,Biobío,Chiguayante,Loyal,2024-02-02,Email Marketing
505,Carlos Víctor Aracena Arias,contrerasbrenda@example.com,Valparaíso,Quilpué,New,2025-06-29,TikTok
506,Cecilia Díaz,lgonzalez@example.org,La Araucanía,Villarrica,Champions,2023-04-09,Referido
507,María Silvia Aguilar Cabezas,ruth56@example.net,Antofagasta,Tocopilla,At Risk,2025-02-03,Email Marketing
508,Marcia Barría San Martín,rsolis@example.org,Antofagasta,Tocopilla,Loyal,2023-05-15,Google Ads
509,Gerardo Zamora Córdova,llanosjosefa@example.net,Valparaíso,Quilpué,New,2023-07-20,Referido
510,Blanca Castro Rojas,xcastillo@example.net,Metropolitana,Providencia,New,2024-02-07,Orgánico
511,Eduardo Rodrigo Escobar Flores,navarromauricio@example.net,Los Ríos,Río Bueno,Hibernating,2024-08-08,Email Marketing
512,Juan Octavio Correa Román,enriquegonzalez@example.com,Maule,Curicó,New,2024-12-04,Facebook/Instagram
513,Soledad Leiva Silva,margarita01@example.com,Metropolitana,Macul,Champions,2023-02-01,Facebook/Instagram
514,Gary Gabriel Céspedes Fuentes,villegasjuana@example.net,Antofagasta,Calama,Champions,2025-05-15,Referido
515,Max Franco Cisternas Orellana,ucarcamo@example.com,O'Higgins,Santa Cruz,At Risk,2024-04-06,Referido
516,Carolina Florencia López Moncada,reyesherminia@example.org,Valparaíso,Villa Alemana,Lost,2023-04-07,Orgánico
517,Arsenio Marco Montoya Bahamondes,jacevedo@example.com,Biobío,Hualpén,At Risk,2023-10-29,Email Marketing
518,María Agustina Aracena Sáez,saldiassamuel@example.com,Metropolitana,Ñuñoa,Lost,2023-10-30,Google Ads
519,Rosa Jenny González Alarcón,espinozajuana@example.com,Metropolitana,Las Condes,Loyal,2023-10-02,Orgánico
520,Elba Romina Vásquez Bustamante,munozlucas@example.net,Metropolitana,Peñalolén,New,2024-08-26,TikTok
521,Dominga Daniela Retamal Sepúlveda,agustina65@example.org,Maule,Linares,New,2023-05-23,Email Marketing
522,Esther Isabel Vergara González,dbriones@example.net,Metropolitana,Providencia,Loyal,2025-04-23,Referido
523,Bianca Ríos Guerra,mvera@example.net,Metropolitana,La Florida,New,2023-08-04,TikTok
524,Maite Riquelme Miranda,patriciachoque@example.net,Metropolitana,Puente Alto,New,2023-12-22,Facebook/Instagram
525,Francisco Bórquez,mariaorellana@example.net,Valparaíso,Valparaíso,Lost,2024-01-22,Email Marketing
526,María Samantha Villar Godoy,luis30@example.net,Antofagasta,Tocopilla,Champions,2024-07-10,Email Marketing
527,Juan Vidal Cisternas,wlillo@example.net,Metropolitana,Puente Alto,Loyal,2023-12-05,Email Marketing
528,Lorena Elsa Henríquez Flores,emiliovergara@example.net,Metropolitana,La Reina,Hibernating,2025-04-09,Facebook/Instagram
529,Manuel Martínez,aida34@example.org,La Araucanía,Victoria,At Risk,2025-06-19,TikTok
530,Gabriela María López Saavedra,egutierrez@example.net,Valparaíso,Viña del Mar,At Risk,2023-12-16,Orgánico
531,Eduardo Raúl Maturana Collao,maria21@example.org,Metropolitana,Lo Barnechea,Loyal,2024-01-19,Facebook/Instagram
532,Héctor Fernando Gallardo Durán,clementeriquelme@example.net,Valparaíso,Quilpué,Potential,2025-03-07,Google Ads
533,María Paola Reyes Hernández,canalesantonella@example.org,Metropolitana,La Reina,At Risk,2024-02-05,Referido
534,Juan Mellado Inostroza,janet30@example.org,Metropolitana,Las Condes,Champions,2025-04-25,Orgánico
535,Jacqueline Carolina Sáez Roa,franciscotoro@example.com,Valparaíso,Quilpué,New,2024-11-25,Referido
536,Rodrigo Lagos Méndez,leonor33@example.org,Valparaíso,Viña del Mar,Hibernating,2024-10-16,Email Marketing
537,Cristina Valencia,luengoflavio@example.net,Antofagasta,Calama,Loyal,2025-04-03,Facebook/Instagram
538,Graciela Torres,estradacatherine@example.com,Metropolitana,Maipú,New,2025-01-05,Google Ads
539,Ana Zapata Vásquez,andresmunoz@example.org,Biobío,Los Ángeles,Lost,2024-08-27,TikTok
540,Felipe Mendoza Muñoz,arenascarmen@example.org,Biobío,Los Ángeles,Lost,2024-12-10,Facebook/Instagram
541,Andrea Rosa Riveros López,navarretealejandra@example.com,Metropolitana,La Reina,At Risk,2024-08-20,Email Marketing
542,Carmen Amanda Rivera Ahumada,eduardo46@example.org,Biobío,Los Ángeles,Champions,2024-12-24,Facebook/Instagram
543,Gladys Bravo Barraza,leivaromina@example.org,Metropolitana,Las Condes,At Risk,2023-04-16,Facebook/Instagram
544,María Muñoz Santibáñez,patricioparra@example.org,Coquimbo,La Serena,New,2024-01-03,Referido
545,José Eduardo Rodríguez Suárez,sierrajose@example.com,Metropolitana,Lo Barnechea,At Risk,2023-09-07,TikTok
546,Alejandrina Karina Lucero Salazar,zguerrero@example.org,Valparaíso,Valparaíso,Hibernating,2025-03-09,Email Marketing
547,Ignacio Renato Cuevas Riveros,yvidal@example.org,Metropolitana,San Miguel,At Risk,2023-10-01,Email Marketing
548,Ian López Aedo,espinozacarlos@example.net,Los Ríos,Valdivia,Champions,2023-02-14,Email Marketing
549,Teresa Daniela Alarcón González,antoniaacuna@example.com,Valparaíso,San Antonio,At Risk,2024-02-01,TikTok
550,Rosa Carrasco Muñoz,vilma44@example.com,Biobío,Hualpén,Loyal,2023-11-26,Google Ads
551,Fredy Patricio Pizarro Arévalo,cruz@example.com,Metropolitana,Ñuñoa,Loyal,2023-08-14,Orgánico
552,María Margarita Armijo Allende,evera@example.com,Los Lagos,Puerto Montt,Lost,2025-02-09,Google Ads
553,Krishna Anita Flores Vicencio,julian77@example.org,Metropolitana,Maipú,Lost,2023-12-27,Referido
554,María Cecilia Manríquez Rodríguez,olivamarco@example.com,O'Higgins,San Fernando,New,2024-11-25,Referido
555,Oscar Cuevas,san-martingloria@example.net,Metropolitana,Peñalolén,Champions,2024-07-02,Referido
556,Carlos José Acuña Rodríguez,antonia02@example.net,Metropolitana,Macul,Hibernating,2024-05-03,TikTok
557,Juan Bruno Vásquez Olivares,wsalas@example.com,Metropolitana,Santiago,Loyal,2023-07-02,Email Marketing
558,Angélica Makarena Cornejo Castro,valentina20@example.net,Valparaíso,Quilpué,Hibernating,2024-01-12,TikTok
559,Ignacio Farías Arce,arielgomez@example.com,Biobío,Hualpén,Lost,2024-10-08,Facebook/Instagram
560,Ana González Fuentes,jorge56@example.org,Metropolitana,Vitacura,Lost,2023-06-07,Email Marketing
561,Rocío Alexandra Concha Vásquez,matias79@example.org,Los Lagos,Castro,Hibernating,2025-01-07,TikTok
562,Paulina Paola Valdés Durán,rodriguezbrenda@example.org,Valparaíso,Quilpué,At Risk,2025-06-01,Email Marketing
563,Norman Luis Flores Cornejo,estebanruiz@example.org,Valparaíso,Viña del Mar,Loyal,2023-04-04,Facebook/Instagram
564,Roberto Jorge Villanueva Pulgar,cristiangutierrez@example.com,Valparaíso,Viña del Mar,Lost,2023-05-08,Facebook/Instagram
565,Teresa Elsa Sanhueza Figueroa,hernandezpatricio@example.org,Valparaíso,Viña del Mar,Loyal,2023-10-25,TikTok
566,Miriam Espinoza,aguileraveronica@example.org,Biobío,Chiguayante,At Risk,2025-02-19,Referido
567,Constanza Flores Leal,diego72@example.net,Metropolitana,Quilicura,At Risk,2023-06-01,TikTok
568,Matilde Sofía Prado Díaz,abelplaza@example.com,Metropolitana,Providencia,Lost,2023-07-02,Email Marketing
569,María Muñoz,paola31@example.net,O'Higgins,Santa Cruz,Loyal,2024-04-18,Referido
570,Carmela Berta Medina Silva,paulinalara@example.com,Antofagasta,Calama,Champions,2023-03-24,Facebook/Instagram
571,Jorge Bruno Salas Leiva,wnavarro@example.net,Metropolitana,Macul,Champions,2024-02-07,Orgánico
572,Antonella Celeste Fuentealba Bruna,bastiancastro@example.com,Metropolitana,Vitacura,At Risk,2024-10-07,TikTok
573,Martín Valenzuela,nancyquiroz@example.net,Biobío,Hualpén,Potential,2024-05-22,Google Ads
574,Claudio Ruiz,pespinoza@example.net,Valparaíso,San Antonio,Champions,2024-10-20,Facebook/Instagram
575,Cecilia Ana González Cabrera,pilar97@example.net,Metropolitana,Macul,Loyal,2024-02-12,Facebook/Instagram
576,Oscar Espinoza Rosas,vanessacifuentes@example.org,Metropolitana,Peñalolén,Champions,2023-10-03,TikTok
577,Bryan Reyes-Aravena,uguevara@example.com,La Araucanía,Padre Las Casas,Lost,2023-05-02,Orgánico
578,Javier Jonathan Díaz Zamorano,natalia65@example.org,Biobío,Los Ángeles,At Risk,2024-11-28,Google Ads
579,Patricio Espinoza Castillo,alison53@example.org,Metropolitana,Las Condes,Champions,2024-11-23,Orgánico
580,María Liliana Contreras Martínez,sonia14@example.org,Metropolitana,Macul,Hibernating,2024-11-27,Referido
581,Benjamín Pedro Bastías Paredes,igarcia@example.com,Metropolitana,Lo Barnechea,Champions,2023-07-05,Google Ads
582,Segundo Cerda-Sandoval Cerda,kvaldes@example.net,La Araucanía,Victoria,Loyal,2023-10-08,Google Ads
583,Mónica Lira Meléndez,pascual47@example.org,Metropolitana,Quilicura,At Risk,2023-05-12,Referido
584,Josefa Cabezas Garrido,maria44@example.com,Metropolitana,Ñuñoa,Potential,2023-11-19,Facebook/Instagram
585,Gladys María Silva Cárdenas,tamaravillegas@example.org,Los Lagos,Puerto Montt,Loyal,2023-02-21,Orgánico
586,Scarlett Acuña Arriagada,belenguzman@example.org,Metropolitana,Ñuñoa,Hibernating,2024-10-04,Email Marketing
587,Santiago Álvarez,qcastro@example.org,Biobío,Concepción,Hibernating,2024-10-16,Google Ads
588,Wilson Benjamín Méndez Ulloa,jonathanjaramillo@example.org,Metropolitana,Estación Central,Lost,2024-11-18,Google Ads
589,Camila García Miranda,martin60@example.org,Metropolitana,Las Condes,Champions,2024-10-26,Referido
590,Enrique Manuel Garrido Santibáñez,obarria@example.org,Metropolitana,Santiago,At Risk,2024-05-05,TikTok
591,Maribel Camila Alarcón Aránguiz,thomasdiaz@example.com,La Araucanía,Villarrica,Loyal,2024-04-06,Orgánico
592,Laura Emilia Carvajal Cifuentes,maritza82@example.org,Maule,Constitución,New,2025-04-10,Email Marketing
593,Hernán Atilio Gutiérrez Sánchez,maria21@example.com,Maule,Linares,New,2024-11-26,Facebook/Instagram
594,Isabel Elgueta,imena@example.org,Metropolitana,San Miguel,Lost,2023-11-18,Email Marketing
595,Manuel Cristian Verdugo Sepúlveda,fpizarro@example.org,Biobío,Talcahuano,Loyal,2024-05-02,Email Marketing
596,Lissette Jara,elenacontreras@example.net,Metropolitana,Ñuñoa,Champions,2025-05-15,Orgánico
597,Juan José Guerra Yáñez,koyarzo@example.com,Metropolitana,Macul,Loyal,2025-04-28,Referido
598,Francisco Huerta Barrera,salazarfrancisco@example.org,O'Higgins,San Fernando,Loyal,2025-02-24,Orgánico
599,Alejandra Magdalena Villarroel Altamirano,angelalvarez@example.org,Metropolitana,Lo Barnechea,New,2024-07-23,Facebook/Instagram
600,María Benavides,velasquezluis@example.org,Metropolitana,Lo Barnechea,At Risk,2025-06-10,Google Ads
601,Danilo Labra,luisa24@example.org,Metropolitana,Estación Central,Champions,2023-07-22,TikTok
602,Fabián Bastián Flores Cofré,patricio66@example.com,Metropolitana,Estación Central,Loyal,2024-11-06,Referido
603,Dania Juana Correa Espinoza,rfuentes@example.net,Metropolitana,Providencia,Hibernating,2025-06-04,Referido
604,Jacqueline Sonia Mella Quispe,dleiva@example.org,Biobío,Talcahuano,Lost,2024-09-08,Google Ads
605,Luis Benjamín Hernández Díaz,jarabarbara@example.org,Valparaíso,Viña del Mar,Lost,2024-06-07,Orgánico
606,Enrique Esteban Mellado González,marcelacastro@example.org,O'Higgins,San Fernando,At Risk,2024-09-08,Referido
607,Miguel Eduardo Godoy Canales,rodrigo22@example.com,Maule,Linares,At Risk,2024-11-20,Facebook/Instagram
608,Byron Gatica Gutiérrez,jaimelorca@example.net,Metropolitana,Peñalolén,New,2024-10-28,Orgánico
609,Tatiana Paz Núñez Bustamante,karen45@example.com,Metropolitana,Maipú,Potential,2024-04-28,TikTok
610,Patricio Jara Vásquez,elisa67@example.com,Metropolitana,San Miguel,Loyal,2025-04-18,Orgánico
611,Alain León Galaz Monsalve,olagos@example.net,Biobío,Talcahuano,New,2025-05-07,Referido
612,Mercedes Marianela Vallejos-González Torres,xmoraga@example.com,Metropolitana,Quilicura,Loyal,2023-06-07,TikTok
613,Rafael Fernández,lorenamunoz@example.com,Biobío,Concepción,At Risk,2024-05-03,TikTok
614,Clarisa Edith Briones Córdova,gloria07@example.com,Valparaíso,Quilpué,Champions,2024-02-25,Facebook/Instagram
615,José Mauricio Cerda Valenzuela,elizabethcabrera@example.org,Biobío,Talcahuano,Loyal,2025-02-10,Google Ads
616,Benjamín Salinas Calderón,parrawalter@example.net,Valparaíso,Villa Alemana,Loyal,2024-12-10,TikTok
617,Olga Antonella Martínez López,andrea55@example.net,Metropolitana,Maipú,Lost,2023-07-25,Referido
618,Alex Vera Sandoval,lpinto@example.net,Antofagasta,Mejillones,Hibernating,2023-04-14,Email Marketing
619,Carlos Gallardo,acevedodaniel@example.com,Los Lagos,Osorno,At Risk,2024-04-03,Google Ads
620,Nicole Emilia Vargas Maureira,vargasantonella@example.com,Metropolitana,Peñalolén,At Risk,2023-02-22,Orgánico
621,Pedro Miguel Araya Martínez,nelsonvillarroel@example.com,O'Higgins,Rengo,Champions,2023-05-30,TikTok
622,Gustavo Rubio Padilla,jaimeespinoza@example.net,Valparaíso,San Antonio,Loyal,2024-12-31,Orgánico
623,Carlos Contreras González,herreraraul@example.org,O'Higgins,Rengo,Champions,2024-04-11,Email Marketing
624,Fresia Soto Román,yasmin53@example.org,Los Lagos,Ancud,New,2025-02-22,Google Ads
625,Inés Carmen Ávila-Valenzuela Vergara,castilloclaudio@example.com,Valparaíso,San Antonio,New,2023-02-08,Referido
626,María Marta Arias Ortiz,kimberly00@example.com,Metropolitana,Ñuñoa,Loyal,2025-01-09,TikTok
627,Eduardo Jorge Arroyo-Orellana Silva,carlosmunoz@example.net,Metropolitana,Providencia,New,2023-04-01,Email Marketing
628,Mateo Arévalo,arsenio37@example.com,Valparaíso,Valparaíso,At Risk,2024-06-26,Referido
629,Hilda María Cáceres Valenzuela,marialagos@example.com,Biobío,Hualpén,At Risk,2024-07-05,Referido
630,Cecilia Rosa Guzmán Poblete,pabarca@example.net,Metropolitana,La Reina,Loyal,2024-01-05,Referido
631,Omar Fuentes Castro,rodriguezalejandro@example.net,Metropolitana,La Florida,Hibernating,2024-06-06,TikTok
632,Guillermo Daniel Cubillos García,walter56@example.org,Maule,Linares,Loyal,2023-05-19,Orgánico
633,Maximiliano René Ramírez Araya,orregobernardita@example.com,Los Ríos,Corral,At Risk,2024-12-28,Orgánico
634,Danae Rosa Gallardo Prado,carlosparra@example.org,Valparaíso,Quilpué,Loyal,2023-02-20,TikTok
635,Rafaela Ivonne Navarrete-Fuentealba Núñez,jparraguez@example.net,Metropolitana,Las Condes,Lost,2023-01-28,Orgánico
636,Max Ramírez,valdebenitojuan@example.net,Metropolitana,Vitacura,At Risk,2023-03-19,Orgánico
637,Eliana Ferrada Barahona,dvaldivia@example.net,Metropolitana,Santiago,At Risk,2023-07-20,Google Ads
638,Nayareth Vargas Quintana,rgomez@example.org,Antofagasta,Mejillones,Loyal,2025-01-28,Facebook/Instagram
639,Julio Felipe Belmar Rojas,pereztomas@example.net,Metropolitana,Puente Alto,Lost,2025-03-29,Referido
640,Ana Paredes,margarita29@example.net,Biobío,Hualpén,New,2024-09-14,Referido
641,Marisol Javiera Valdivia Valenzuela,garciamonica@example.net,Metropolitana,San Miguel,New,2023-08-14,Email Marketing
642,Maximiliano Víctor Cárdenas Vargas,olivajaviera@example.com,Biobío,Chiguayante,Loyal,2023-03-01,Orgánico
643,José Sepúlveda,iahumada@example.net,Biobío,Los Ángeles,Loyal,2023-07-01,Referido
644,Almendra Parra González,villegasbenjamin@example.net,Maule,Curicó,Loyal,2025-05-02,Orgánico
645,Sergio José Rojas Reyes,irojas@example.net,Metropolitana,La Florida,Lost,2024-08-31,Referido
646,Mónica Antonia Aránguiz Hernández,roafernando@example.com,Metropolitana,La Reina,Champions,2023-04-14,Referido
647,Cristian Paredes,marquezana@example.org,Metropolitana,Estación Central,Hibernating,2024-07-20,Google Ads
648,Kevin Díaz,hipolitocruz@example.com,O'Higgins,Pichilemu,Champions,2024-08-03,Google Ads
649,Nancy Marcela Martinez Rubio,rafaellaguerrero@example.com,O'Higgins,Rancagua,New,2023-10-24,Orgánico
650,María Catalina Riquelme Cerda,gutierrezvictor@example.org,Biobío,Hualpén,Loyal,2023-01-23,Email Marketing
651,Nicole Ortiz-Berríos,danielaalvarez@example.com,Biobío,Concepción,New,2024-10-15,Google Ads
652,Santiago Cares,ubravo@example.net,Biobío,Concepción,Loyal,2023-07-01,Email Marketing
653,Patricia Garrido,marta00@example.net,Metropolitana,Peñalolén,Hibernating,2025-03-24,TikTok
654,Nicolás Rodrigo Araya Garrido,danielberrios@example.net,Antofagasta,Antofagasta,At Risk,2024-09-08,Google Ads
655,Dominga Catherine Miranda Herrera,ireyes@example.com,Valparaíso,Villa Alemana,Hibernating,2023-10-19,Referido
656,Yasna Barros Apablaza,olmosernesto@example.net,Metropolitana,Ñuñoa,Champions,2024-05-25,Orgánico
657,Patricia Mónica Lucero Villarroel,luis58@example.org,Valparaíso,Quilpué,New,2023-10-18,Google Ads
658,Valentina Salazar Acosta,ceballosmargot@example.com,Metropolitana,Macul,Champions,2024-11-06,Email Marketing
659,José Luis Rodríguez Calderón,zmadrid@example.net,Metropolitana,Peñalolén,Lost,2024-01-22,TikTok
660,Violeta Segura,mfigueroa@example.org,La Araucanía,Padre Las Casas,Champions,2024-09-11,Facebook/Instagram
661,Maximiliano Cabezas,sergiorebolledo@example.com,Metropolitana,San Miguel,At Risk,2025-06-16,Email Marketing
662,María Gloria Ortega Martínez,yesenia75@example.net,Biobío,Chiguayante,At Risk,2025-06-21,Facebook/Instagram
663,Jorge Oscar Rivera López,ourrutia@example.com,Metropolitana,Peñalolén,New,2023-06-04,TikTok
664,Rosa Gómez,vicente16@example.com,Metropolitana,San Miguel,Loyal,2024-04-13,TikTok
665,Elizabeth Helen Poblete Sepúlveda,bravoantonia@example.net,Metropolitana,Vitacura,Potential,2023-02-19,Orgánico
666,Francisca Romero,julieta67@example.net,Metropolitana,San Miguel,Loyal,2024-07-12,TikTok
667,Jorge Soto,joaquin21@example.org,La Araucanía,Victoria,Champions,2025-05-17,Facebook/Instagram
668,Julio Alexis Jofré Aranda,xrivas@example.com,Metropolitana,Puente Alto,At Risk,2023-03-19,Google Ads
669,Marisol Perla Riffo Ramírez,juan11@example.com,Biobío,Talcahuano,Loyal,2024-08-10,Email Marketing
670,Marcia Elgueta Oyarzún,htoledo@example.net,Valparaíso,Viña del Mar,New,2024-07-24,Facebook/Instagram
671,Alejandra Gina Uribe Vásquez,ortizdouglas@example.org,Biobío,Talcahuano,Champions,2025-04-06,Referido
672,Paolo Emilio Marín Pizarro,vcarvajal@example.com,Antofagasta,Taltal,At Risk,2023-06-11,Referido
673,Carlos Araya Santana,pmamani@example.net,La Araucanía,Victoria,New,2024-10-05,Email Marketing
674,Javiera Cecilia Medina Molina,cesarvalenzuela@example.org,Metropolitana,Ñuñoa,Hibernating,2023-04-27,Facebook/Instagram
675,Elsa Mónica Hidalgo Fierro,boris25@example.net,Metropolitana,San Miguel,New,2025-06-02,Orgánico
676,Bárbara Gajardo,manuel29@example.com,Metropolitana,Estación Central,Potential,2023-12-24,Facebook/Instagram
677,Felipe Jara,luisa03@example.com,Biobío,Talcahuano,At Risk,2025-05-07,Orgánico
678,Iván Luis Barros Morales,judithparra@example.com,Metropolitana,San Miguel,At Risk,2024-07-17,Email Marketing
679,José Riquelme Godoy,ssalazar@example.com,Valparaíso,Valparaíso,Loyal,2023-12-08,Google Ads
680,Jaime Muñoz Manríquez,laracena@example.org,Biobío,Los Ángeles,Champions,2024-10-11,TikTok
681,Luis Yáñez Arancibia,osepulveda@example.org,Metropolitana,Ñuñoa,Loyal,2025-03-25,Referido
682,Kevin Pedro Ramírez Alegría,tcid@example.com,Los Lagos,Castro,Champions,2024-04-19,Facebook/Instagram
683,María Aguirre,leonor88@example.org,Metropolitana,Las Condes,Loyal,2024-11-16,Google Ads
684,Teresa Magdalena Araneda Aravena,sandovalluis@example.org,Metropolitana,Macul,Loyal,2024-12-29,Orgánico
685,Nicole Patricia Moreno Valenzuela,bacevedo@example.org,La Araucanía,Angol,Loyal,2025-02-12,Google Ads
686,Maite Vidal,mauriciodiaz@example.net,Valparaíso,Viña del Mar,New,2024-01-06,Referido
687,Sofía Agustina Hermosilla Barría,xlopez@example.com,La Araucanía,Victoria,Champions,2023-04-11,Facebook/Instagram
688,Javiera Ruby Benítez Venegas,debora30@example.net,Valparaíso,Villa Alemana,New,2024-06-06,Referido
689,Osvaldo Fernández,jorgegarrido@example.org,Metropolitana,Maipú,At Risk,2025-02-13,Facebook/Instagram
690,Maximiliano Manuel Zúñiga Gallardo,hugo11@example.com,Maule,Constitución,Loyal,2024-09-21,Referido
691,María Tapia Pavez,ialvarado@example.org,Los Lagos,Puerto Varas,Lost,2024-03-22,Facebook/Instagram
692,Sebastián Ríos Fernández,maria09@example.net,La Araucanía,Villarrica,Champions,2025-06-25,Facebook/Instagram
693,Pedro Fuentes Cáceres,nataliatoledo@example.net,Metropolitana,Peñalolén,Potential,2023-09-13,Google Ads
694,Gladys Salazar Inostroza,javieracarrasco@example.net,Biobío,Concepción,At Risk,2023-03-05,Facebook/Instagram
695,Diana Inés Canales Quinteros,espinozaemma@example.net,Metropolitana,Peñalolén,Potential,2024-04-02,Email Marketing
696,Jhoan Gabriel Villalobos Gutiérrez,anaaguilar@example.com,Metropolitana,La Florida,Champions,2025-01-24,Google Ads
697,Elías Bórquez Hidalgo,manuel56@example.net,Antofagasta,Calama,Champions,2023-11-02,Referido
698,Priscila Echeverría Ramos,krojas@example.org,Metropolitana,Ñuñoa,Champions,2025-02-05,Referido
699,Julián Alberto Torres Osorio,danielamoya@example.net,Coquimbo,Ovalle,Hibernating,2024-04-16,Facebook/Instagram
700,Manuel Rony Mella Santander,amandacastro@example.org,Valparaíso,Villa Alemana,Champions,2024-03-04,TikTok
701,Juan Luis Troncoso Cabello,maria49@example.org,Metropolitana,Vitacura,New,2023-08-01,Referido
702,Roberto Jorge Neira Silva,marta10@example.com,Valparaíso,Quilpué,New,2024-04-23,Google Ads
703,Paulina Barrios León,adriana30@example.com,O'Higgins,Rengo,Loyal,2024-09-24,Referido
704,Sonia Martina Vásquez Aranda,nmercado@example.com,La Araucanía,Victoria,At Risk,2024-08-25,TikTok
705,Ana Constanza Oyarzún Olivares,munozalexander@example.com,Maule,Constitución,Hibernating,2023-01-10,Orgánico
706,Frank Quiroz,juan80@example.com,Biobío,Concepción,Loyal,2024-07-22,TikTok
707,Byron Gallardo Farías,osoriopablo@example.net,La Araucanía,Temuco,Loyal,2023-07-14,Referido
708,María Julia Espinosa Saavedra,katerinearos@example.net,Maule,Curicó,Loyal,2025-01-21,Orgánico
709,Gaspar Alexis Opazo Espinoza,martin85@example.com,Metropolitana,Las Condes,Potential,2025-03-07,Google Ads
710,Lucía Mónica González Peña,cabrerakatherine@example.com,Valparaíso,Quilpué,At Risk,2025-04-23,Orgánico
711,Pía Bugueño,barriosgiovanna@example.com,Metropolitana,San Miguel,At Risk,2024-12-24,Email Marketing
712,Freddy Valenzuela,julietaescobar@example.net,Los Ríos,Río Bueno,Loyal,2024-06-09,Orgánico
713,Maximiliano Claudio Lazo Maureira,kmunoz@example.net,Antofagasta,Taltal,At Risk,2024-03-27,Referido
714,Cynthia Isidora Tapia Álvarez,silviaulloa@example.com,Metropolitana,La Reina,Loyal,2024-01-07,TikTok
715,Luis Ruiz Ruz,elbasilva@example.com,La Araucanía,Villarrica,Loyal,2024-08-26,Orgánico
716,Javiera Priscila Hernández Gutiérrez,vvargas@example.net,Antofagasta,Mejillones,Loyal,2024-03-13,Google Ads
717,Marcelo José Hernández Vergara,ramirezlilian@example.net,Metropolitana,Providencia,Loyal,2024-03-24,Email Marketing
718,Darwin Víctor Parra Bustamante,riveraconstanza@example.com,Biobío,Talcahuano,Loyal,2023-05-16,Email Marketing
719,Florencia Rodríguez,nancy13@example.org,Antofagasta,Tocopilla,New,2023-09-11,Facebook/Instagram
720,Luz Victoria Peña Álvarez,osoriorosa@example.org,Metropolitana,Providencia,Loyal,2024-12-14,Facebook/Instagram
721,Hortensia Betty Silva Tapia,juanherrera@example.com,La Araucanía,Angol,At Risk,2024-06-12,Email Marketing
722,Daniela Ortiz González,mauricio82@example.com,Metropolitana,Macul,Loyal,2024-04-21,Google Ads
723,Patricio Luis Henríquez Novoa,pnavarro@example.org,Antofagasta,Antofagasta,Potential,2023-01-25,TikTok
724,Fabián Rojas Ramírez,matteoreyes@example.net,Coquimbo,La Serena,Loyal,2023-11-16,Orgánico
725,Jessica Catalina Rojas Guzmán,martinramirez@example.com,Antofagasta,Mejillones,New,2023-12-03,Email Marketing
726,José Castillo Muñoz,bravolidia@example.com,Valparaíso,Valparaíso,Loyal,2024-09-02,TikTok
727,Carlos Poblete Cárcamo,tescalona@example.net,O'Higgins,Santa Cruz,At Risk,2024-03-22,Referido
728,Héctor Soto Leal,guillermopalacios@example.net,Maule,Linares,Loyal,2023-08-20,Email Marketing
729,Emilia Cuevas Lizama,amorales@example.com,Metropolitana,Providencia,Loyal,2023-11-30,Email Marketing
730,Jhoan Diego Concha González,villanuevamarina@example.org,Maule,Curicó,Lost,2023-03-01,Google Ads
731,Mónica Daniela Sobarzo Cortés,laura80@example.com,Metropolitana,Macul,Champions,2024-12-25,Email Marketing
732,Johana Amelia Torres Cifuentes,mariamansilla@example.com,Biobío,Concepción,At Risk,2023-09-14,Orgánico
733,Claudia Digna Miranda Apablaza,moralesbastian@example.com,Metropolitana,La Florida,Loyal,2025-06-19,Email Marketing
734,Jorge Oyarce Aravena,benitoesparza@example.com,Metropolitana,Las Condes,Loyal,2023-01-08,Google Ads
735,Gisela Vega,atiliogalvez@example.org,Metropolitana,Maipú,Lost,2025-06-11,Orgánico
736,Sofía Tapia Ortiz,dsilva@example.org,La Araucanía,Victoria,Loyal,2024-11-27,Google Ads
737,Francisca Becerra Rodríguez,hermangonzalez@example.net,Metropolitana,Macul,Loyal,2023-10-22,Referido
738,María Rosa Parra Maureira,guajardomargarita@example.net,La Araucanía,Villarrica,Loyal,2025-05-26,Google Ads
739,Rosa Bórquez-Torres,omunoz@example.org,Metropolitana,Peñalolén,At Risk,2024-07-03,Referido
740,Claudio Rodrigo Gatica Gatica,maria50@example.org,Metropolitana,La Reina,Loyal,2025-06-04,Facebook/Instagram
741,Juan Ignacio Céspedes Henríquez,alejandrobernal@example.com,Valparaíso,Viña del Mar,Loyal,2023-08-13,TikTok
742,Juan Parra Bustamante,maria69@example.com,Los Lagos,Ancud,Champions,2025-01-08,TikTok
743,José Cristian Pino Campos,jesus01@example.com,Metropolitana,Las Condes,At Risk,2024-01-23,Orgánico
744,Darling Catalina Sanhueza Pinto,wsepulveda@example.net,Biobío,Concepción,Lost,2023-03-16,Facebook/Instagram
745,Diego Edgar Osses Coronado,roberto32@example.net,O'Higgins,Rengo,At Risk,2025-04-25,Email Marketing
746,María Marina Núñez Matamala,celindagonzalez@example.net,Biobío,Chiguayante,Champions,2025-05-05,Orgánico
747,Carla Gilda Maldonado Prieto,zdiaz@example.org,Metropolitana,Lo Barnechea,Champions,2024-03-10,Referido
748,José Salas,cruzrocio@example.com,Metropolitana,Maipú,Loyal,2024-11-15,Email Marketing
749,Juan Vargas Flores,elbaaguilera@example.org,O'Higgins,Santa Cruz,At Risk,2024-03-28,Google Ads
750,Francisco Ricardo Rivera Concha,valenciaandrea@example.com,Metropolitana,San Miguel,New,2025-01-03,Referido
751,Ana Urbina Godoy,uaraya@example.net,O'Higgins,Rengo,Champions,2023-06-15,Facebook/Instagram
752,Matías Yerko Jorquera Videla,ygallardo@example.net,Valparaíso,Valparaíso,Loyal,2024-03-10,Orgánico
753,Jorge López,carolinaaraya@example.com,Antofagasta,Mejillones,Champions,2025-03-15,TikTok
754,Luis Acosta,catalina92@example.net,Los Lagos,Osorno,Champions,2025-02-03,TikTok
755,Alexis Ortiz Alvarado,luisaherrera@example.com,Los Ríos,Panguipulli,Champions,2025-01-24,Orgánico
756,Sofía Rosa Valencia Castillo,moisespaz@example.org,Metropolitana,La Florida,Loyal,2023-04-07,Referido
757,Soledad Albertina Moya Espinoza,eduardocarrasco@example.com,Los Lagos,Castro,Loyal,2025-05-06,Orgánico
758,Arturo Cisternas Jorquera,bramirez@example.org,Valparaíso,Viña del Mar,At Risk,2023-10-21,Referido
759,Colomba Dinamarca Pacheco,vurrutia@example.net,Valparaíso,San Antonio,Hibernating,2023-09-20,Email Marketing
760,David Jonathan Garcés Soto,cindyzamora@example.org,Biobío,Concepción,Champions,2023-01-15,Orgánico
761,Narciso Thomas León Guerrero,eduardo85@example.org,O'Higgins,Rancagua,New,2024-09-18,Email Marketing
762,Manuel Zamorano,tmoya@example.org,Los Ríos,Panguipulli,Champions,2025-01-04,Referido
763,Daniel Matías Soto Carrasco,jaramillofrancisco@example.com,Los Lagos,Puerto Varas,Loyal,2025-04-14,Referido
764,Daniel Candia Beltrán,kdiaz@example.org,Valparaíso,San Antonio,Loyal,2023-12-07,Google Ads
765,Mateo Maldonado Farías,guzmanelizabeth@example.com,Valparaíso,Viña del Mar,At Risk,2024-04-19,TikTok
766,Vicente Fuentes Ibarra,venegasmilton@example.com,La Araucanía,Padre Las Casas,Lost,2025-02-02,Facebook/Instagram
767,Isaías Pérez,alvaro68@example.org,Metropolitana,Vitacura,Loyal,2025-01-24,Google Ads
768,Erwin José León Fredes,ricardo92@example.net,Metropolitana,Puente Alto,New,2024-01-01,Facebook/Instagram
769,Tomás José Quiroz Hernández,maria26@example.org,Metropolitana,Vitacura,At Risk,2023-04-27,Orgánico
770,María Segura San Martín,barracamila@example.org,Metropolitana,Ñuñoa,Hibernating,2023-12-19,TikTok
771,Catalina María Serrano Pereira,erna81@example.com,Metropolitana,Peñalolén,Loyal,2024-05-22,Email Marketing
772,María Verónica Pereira Fuentes,matias43@example.net,Metropolitana,Providencia,New,2023-04-11,Google Ads
773,Danilo Alejandro Martínez Bello,myriampalma@example.net,Metropolitana,Puente Alto,Potential,2024-02-01,Facebook/Instagram
774,Francisco Iván González Aguayo,nfarias@example.net,Metropolitana,Puente Alto,At Risk,2025-03-01,Facebook/Instagram
775,Antonia Wilma Jaque Méndez,aravenafrancisca@example.com,Los Ríos,Río Bueno,Lost,2024-09-06,TikTok
776,Erika Espinoza,aguileraingrid@example.net,Valparaíso,Viña del Mar,At Risk,2025-02-16,Facebook/Instagram
777,Tomás Romero Parra,fabian56@example.org,Metropolitana,Macul,Loyal,2025-02-07,Google Ads
778,Javier Gómez Araya,antonella22@example.com,La Araucanía,Padre Las Casas,Loyal,2023-12-08,Referido
779,Lucy Sandra Gutiérrez Meneses,clara48@example.org,Metropolitana,La Florida,New,2025-01-04,TikTok
780,Catalina Galaz Pérez,francisco65@example.org,Antofagasta,Mejillones,Lost,2025-01-07,Email Marketing
781,Jesús Fuentealba,navarroclaudia@example.com,Los Lagos,Castro,At Risk,2024-02-28,Referido
782,Luz Laura Quispe Sandoval,salazarmaria@example.org,Metropolitana,Lo Barnechea,New,2024-10-16,Referido
783,Mayra Isabel Castillo Gálvez,gloriarubilar@example.org,Valparaíso,San Antonio,Potential,2023-04-21,Google Ads
784,Leslie Carolina Hidalgo Norambuena,verajose@example.com,O'Higgins,Rengo,New,2024-02-19,Google Ads
785,Nataly Romero,orlando46@example.net,Antofagasta,Taltal,Lost,2024-04-10,Orgánico
786,Carlos Hernán González Ibacache,retamalelvira@example.org,Valparaíso,Villa Alemana,Loyal,2023-02-10,TikTok
787,Esteban José Ramírez Roa,benjaminespinoza@example.net,Biobío,Chiguayante,Loyal,2024-07-19,TikTok
788,María Marambio Alfaro,ssilva@example.com,Metropolitana,Estación Central,Lost,2023-06-11,Referido
789,Javiera Carolina Castillo Barrera,lorenachavez@example.org,Los Ríos,La Unión,At Risk,2024-07-22,TikTok
790,Maximiliano Juan Pérez Alfaro,jose94@example.com,Metropolitana,La Florida,Loyal,2023-09-25,TikTok
791,Juan Rivera Sandoval,juanahernandez@example.net,Antofagasta,Mejillones,At Risk,2023-12-30,Referido
792,Luis Santibáñez Opazo,rodrigorojas@example.com,Biobío,Los Ángeles,Loyal,2023-08-19,Referido
793,Luis Oscar Álvarez Mardones,mauricio88@example.org,Biobío,Los Ángeles,Lost,2025-03-24,Email Marketing
794,Pedro Durán Bustos,uinostroza@example.org,Valparaíso,Villa Alemana,At Risk,2024-01-27,Email Marketing
795,María Guillermina Cortés Riveros,balvarez@example.net,Metropolitana,Maipú,Potential,2023-04-11,TikTok
796,Sara Ximena Galleguillos Valenzuela,franciscoayala@example.org,Metropolitana,La Reina,Loyal,2024-05-23,Email Marketing
797,Patricia Alarcón Vargas,alexandercastillo@example.com,Metropolitana,Providencia,New,2025-05-14,Orgánico
798,Fanny López,lucassaavedra@example.com,Metropolitana,San Miguel,Loyal,2024-12-23,TikTok
799,Hugo Becerra Canales,raimundorivera@example.net,Los Lagos,Ancud,At Risk,2023-07-01,Orgánico
800,Nicole Juana Figueroa Gallardo,gallardonoemi@example.com,Metropolitana,San Miguel,Hibernating,2024-01-05,TikTok
801,Massiel Reyes Pérez,rojascamila@example.org,Metropolitana,Lo Barnechea,Hibernating,2025-03-28,Facebook/Instagram
802,Josefa Mónica Arce Sandoval,anadiaz@example.org,Coquimbo,Illapel,At Risk,2024-07-26,Orgánico
803,Carlos Barraza Espinosa,salinasrodrigo@example.net,O'Higgins,Pichilemu,Lost,2025-06-21,Google Ads
804,Rosa Carla Contreras Salazar,rodrigojara@example.com,Antofagasta,Taltal,Loyal,2024-04-26,Email Marketing
805,Anastasia Nancy Ramírez Parra,sepulvedafrancisco@example.net,Los Ríos,Corral,Champions,2023-02-06,Google Ads
806,Carlos Manuel Martínez Olivares,bsalgado@example.org,Metropolitana,Puente Alto,Potential,2024-08-15,Referido
807,Raúl Figueroa,floresadriana@example.net,Metropolitana,Peñalolén,Potential,2023-02-07,TikTok
808,Luis Raúl Ormeño León,garciamatias@example.net,Los Lagos,Castro,Hibernating,2023-08-15,Orgánico
809,Cristopher Cifuentes Arias,jessicagonzalez@example.net,La Araucanía,Villarrica,New,2024-01-22,Referido
810,Francisco Ariel Farías Cárdenas,olga68@example.org,Metropolitana,Providencia,Lost,2024-09-21,Orgánico
811,Víctor Sepúlveda Méndez,ymartinez@example.net,Maule,Curicó,Hibernating,2023-09-12,Facebook/Instagram
812,Yolanda Alejandra Velásquez Espinoza,saratroncoso@example.net,Metropolitana,Vitacura,Loyal,2023-07-22,Google Ads
813,Ana González,yolanda77@example.org,Metropolitana,Maipú,Champions,2023-02-21,Referido
814,Jennifer María Martínez Fuentes,lsilva@example.com,Valparaíso,Villa Alemana,Potential,2023-06-14,Facebook/Instagram
815,Francisco Diego Zúñiga Droguett,yaritzaluna@example.net,Biobío,Concepción,At Risk,2023-07-11,TikTok
816,Víctor Canales,npavez@example.net,Biobío,Chiguayante,Champions,2023-01-28,TikTok
817,Camila Ruth Santibáñez Escobar,sandovalgloria@example.net,Metropolitana,Lo Barnechea,Champions,2023-02-07,Google Ads
818,Irma Romero,veronicagarcia@example.net,O'Higgins,San Fernando,Champions,2025-05-20,Email Marketing
819,Ana Erika Núñez Catalán,alicia61@example.org,Metropolitana,Santiago,Lost,2024-08-04,Facebook/Instagram
820,Diego Zamorano Ramírez,orregopaulina@example.net,Metropolitana,Vitacura,New,2023-10-09,Google Ads
821,Cristian Torres Quiroz,cardenaslidia@example.org,O'Higgins,San Fernando,Lost,2024-11-15,Google Ads
822,Jessica María Vega Alarcón,soledad45@example.org,Coquimbo,Illapel,At Risk,2023-10-13,Referido
823,Aída Brenda Espinosa Serrano,inavarro@example.org,O'Higgins,Rengo,Loyal,2024-05-28,Google Ads
824,Daniela Aguilera Soto,lucianosilva@example.org,Maule,Cauquenes,Potential,2024-05-30,Referido
825,Gabriel Manuel Rocha Guzmán,luis01@example.org,Biobío,Talcahuano,Lost,2023-11-05,Google Ads
826,María Camila Molina Miranda,rgomez@example.com,Biobío,Concepción,New,2024-04-11,Email Marketing
827,Wilson Ricardo Bravo Guzmán,rosarioalvarez@example.org,Metropolitana,Estación Central,Lost,2024-10-10,Email Marketing
828,Sonia María Riveros Zamorano,silvaguido@example.com,Valparaíso,Quilpué,Lost,2023-12-29,Google Ads
829,Lautaro Amador Torres Baeza,nsantander@example.org,Metropolitana,La Florida,Loyal,2024-04-02,TikTok
830,Nelson Alarcón Fuentes,molinakatherine@example.org,Metropolitana,La Reina,Potential,2024-07-15,TikTok
831,Filomena Teresa Contreras Saldivia,silviahernandez@example.org,La Araucanía,Angol,New,2024-10-28,Email Marketing
832,Ángela Paula Aguilera Sandoval,bertavaldivia@example.com,Valparaíso,Valparaíso,Loyal,2023-01-17,Facebook/Instagram
833,Jaime Pacheco,carlosvasquez@example.org,Metropolitana,Vitacura,Champions,2023-04-25,Email Marketing
834,Lorena Silva,jvasquez@example.org,Metropolitana,San Miguel,Champions,2024-09-13,TikTok
835,Paul Valenzuela,icarrasco@example.net,La Araucanía,Victoria,At Risk,2025-01-27,Email Marketing
836,Paula Mónica Navarrete Castillo,luisaacevedo@example.org,Metropolitana,Santiago,At Risk,2023-06-27,Facebook/Instagram
837,José González,perezfranco@example.org,Maule,Linares,Champions,2024-01-08,Orgánico
838,Luis Bryan Carrasco Henríquez,silvamario@example.org,Valparaíso,Viña del Mar,New,2023-12-12,Email Marketing
839,Alejandro Marcelo Jiménez Gajardo,cristian41@example.net,Valparaíso,San Antonio,Loyal,2024-12-26,Google Ads
840,Alan Luis Saavedra Urra,lopezambar@example.net,Biobío,Hualpén,Lost,2023-02-12,Google Ads
841,Ian Franco Rivas Cifuentes,rafaeltorres@example.com,Maule,Constitución,Champions,2025-04-17,TikTok
842,Ignacia Mora,elizabethsuarez@example.org,Metropolitana,Quilicura,At Risk,2024-01-21,Google Ads
843,Juana Lucía González Arredondo,jorge49@example.org,La Araucanía,Angol,Loyal,2023-11-03,Facebook/Instagram
844,Diego Arroyo Ahumada,bquintanilla@example.net,Biobío,Chiguayante,Champions,2023-07-19,Referido
845,Javiera Cifuentes Neira,valentina00@example.net,Metropolitana,Estación Central,New,2024-12-11,Facebook/Instagram
846,Nicole Isabel Urrutia Rojas,fernandoflores@example.com,O'Higgins,Santa Cruz,Loyal,2024-08-24,Google Ads
847,Martina Cáceres Cortez,vivianaperez@example.net,Los Lagos,Puerto Varas,Champions,2024-03-01,Email Marketing
848,Eduardo Escobar Inostroza,vegaluis@example.org,Biobío,Hualpén,Lost,2025-01-20,Referido
849,Luis Matías Viveros Álvarez,tabita58@example.net,Maule,Cauquenes,Champions,2025-06-14,TikTok
850,Johana Evelyn Pulgar Morales,jorge37@example.net,O'Higgins,Santa Cruz,Lost,2023-08-05,Google Ads
851,Guillermo Mora,zperez@example.org,La Araucanía,Temuco,New,2025-04-24,Google Ads
852,Andrea Ramos Urrutia,javier55@example.net,Maule,Linares,Lost,2024-01-02,Google Ads
853,Emilia Ana Espinosa Garrido,nancyvaras@example.org,La Araucanía,Padre Las Casas,Hibernating,2024-12-30,Referido
854,Millaray Morales León,kvergara@example.com,La Araucanía,Angol,New,2024-09-15,Email Marketing
855,Bastián Medina Castillo,alexislopez@example.com,Biobío,Los Ángeles,Potential,2025-06-16,Orgánico
856,Patricia Jorquera Salazar,anguloluisa@example.net,Los Lagos,Ancud,Hibernating,2023-03-27,Facebook/Instagram
857,María Inés Lazo Yáñez,pascuala77@example.com,Metropolitana,Lo Barnechea,Hibernating,2023-11-18,Orgánico
858,Elsa Fernanda Ferrada Rojas,velizciro@example.com,O'Higgins,Santa Cruz,New,2024-09-19,Email Marketing
859,María Camila Guerra Gutiérrez,camiloalfaro@example.net,O'Higgins,Santa Cruz,New,2023-04-23,Orgánico
860,José Martínez Barraza,segundovelasquez@example.com,Metropolitana,San Miguel,Lost,2023-07-24,Google Ads
861,Francisco Cortés Vera,fernandezjuana@example.org,Maule,Talca,Loyal,2024-04-10,Referido
862,Martina Acevedo Escalona,maria25@example.com,Metropolitana,Estación Central,New,2024-01-13,Orgánico
863,Jonathan Julián Órdenes Peña,henriquezjulia@example.org,Metropolitana,Providencia,At Risk,2025-01-07,Google Ads
864,Juan Carlos Rojas Navarrete,fuentesjaviera@example.org,Los Lagos,Ancud,New,2025-06-17,TikTok
865,José Ernesto Ramírez Rojas,munozhaydee@example.org,Metropolitana,Macul,Champions,2025-01-31,Email Marketing
866,Ana Beatriz Silva Domínguez,gael15@example.net,Maule,Curicó,Hibernating,2025-03-20,Email Marketing
867,Alfonso Julio Bravo Quintana,daniela47@example.com,Maule,Curicó,Potential,2023-03-28,Google Ads
868,Juan Guillermo Zamora González,mariacastro@example.com,Valparaíso,San Antonio,Champions,2023-02-05,Facebook/Instagram
869,Valeria Anaís Méndez Castillo,oalvarado@example.com,Metropolitana,Peñalolén,Potential,2024-02-14,Email Marketing
870,Tomás Canales Pérez,nunezjuana@example.net,Metropolitana,Macul,Champions,2025-02-17,Facebook/Instagram
871,Luz Mariluz Prado Campos,avaldes@example.org,Biobío,Chiguayante,Champions,2025-04-25,Email Marketing
872,Ignacio Patricio Molina Muñoz,gonzalezantonio@example.org,Los Ríos,Valdivia,Lost,2025-03-30,Google Ads
873,Constanza Tatiana Fernández Vergara,vfuentes@example.com,Biobío,Hualpén,At Risk,2024-03-24,Orgánico
874,Luis Rojas,jramirez@example.org,Metropolitana,Estación Central,At Risk,2024-10-07,TikTok
875,Carlos Damián Bastías Díaz,gutierrezestefania@example.org,Biobío,Talcahuano,At Risk,2024-06-29,Google Ads
876,Miguel Cristóbal Silva Fuentes,gonzalezmaria@example.com,Valparaíso,Quilpué,Loyal,2025-06-10,Google Ads
877,Carolina Rosa Díaz Solar,fuentesleonel@example.net,Los Lagos,Puerto Varas,Potential,2024-04-06,Referido
878,Javier Nelson Caro Donoso,mariamunoz@example.org,Metropolitana,San Miguel,Champions,2024-12-04,Facebook/Instagram
879,Gabriela Carmen Muñoz Guzmán,mariaadasme@example.net,Los Lagos,Puerto Varas,At Risk,2024-11-17,Referido
880,Giselle Astudillo Bustos,estefaniasobarzo@example.com,Valparaíso,Valparaíso,Lost,2024-07-30,Referido
881,Paulina Vargas Torres,rodrigoencina@example.com,Coquimbo,Ovalle,At Risk,2024-12-01,TikTok
882,Bernardita Vidal Ulloa,elizabethsepulveda@example.com,Metropolitana,Maipú,Potential,2023-03-24,Referido
883,María Contreras Fonseca,cordovajudith@example.com,Biobío,Chiguayante,At Risk,2023-05-25,Email Marketing
884,Ignacia Figueroa,sriveros@example.com,Antofagasta,Antofagasta,Potential,2023-01-18,TikTok
885,Ana Rebolledo,amaturana@example.com,Metropolitana,San Miguel,Loyal,2024-08-11,TikTok
886,Claudia Saldaña,bcarvajal@example.net,Antofagasta,Antofagasta,At Risk,2023-03-01,Email Marketing
887,Leonor María Muñoz Tapia,diegoperez@example.com,La Araucanía,Angol,Potential,2023-12-05,Google Ads
888,Felipe Fernando Espinoza Silva,isabellanaranjo@example.net,Metropolitana,Maipú,Loyal,2024-03-12,Facebook/Instagram
889,Juan Francisco Meneses Yáñez,corteshector@example.com,Metropolitana,Peñalolén,Hibernating,2024-07-25,Google Ads
890,Jorge Benjamín Jara Cabello,orodriguez@example.com,La Araucanía,Angol,At Risk,2024-10-21,Facebook/Instagram
891,Paola Yocelyn Quintanilla Domínguez,vargasbastian@example.com,Metropolitana,Lo Barnechea,At Risk,2024-05-11,Orgánico
892,Alberto José Mora Galaz,ualegria@example.org,Biobío,Hualpén,Potential,2024-04-08,Orgánico
893,Eduardo Miguel González Silva,luis44@example.com,Metropolitana,Estación Central,Lost,2024-06-18,Google Ads
894,Elena Beatriz Alarcón Ahumada,obustos@example.com,Biobío,Concepción,Champions,2025-05-01,Referido
895,Rosario Barrera,biancaalarcon@example.com,Metropolitana,Macul,New,2025-05-15,Google Ads
896,Marisol Sonia Hidalgo Henríquez,miguelcarrasco@example.com,O'Higgins,Pichilemu,Hibernating,2024-10-01,Google Ads
897,Bárbara Martínez Neira,wcornejo@example.com,Coquimbo,Ovalle,Hibernating,2023-06-21,Orgánico
898,Pablo Urrutia Soto,luis92@example.net,Coquimbo,Ovalle,Champions,2023-04-01,Orgánico
899,Carmen Soto Mamani,fuentesboris@example.com,Los Lagos,Osorno,Lost,2025-05-06,Orgánico
900,Antonia Paulina Cancino Pino,atorres@example.org,Metropolitana,La Florida,Champions,2023-07-10,TikTok
901,María Jazmín Bahamonde Rojas,vorellana@example.org,Los Lagos,Osorno,Loyal,2024-02-12,Referido
902,Carla Amaya Rivera Ríos,cacereslidia@example.org,Metropolitana,Macul,Loyal,2023-08-18,Orgánico
903,Francisco Escobar,fcanales@example.com,Metropolitana,Vitacura,At Risk,2023-08-29,Orgánico
904,Máximo Moraga Cárdenas,jreyes@example.net,Metropolitana,Ñuñoa,At Risk,2025-02-28,Email Marketing
905,Sebastián Rony Maturana Letelier,andreasaavedra@example.org,Valparaíso,Valparaíso,Lost,2025-04-08,Orgánico
906,Danilo Pereira,zmunoz@example.net,Los Lagos,Puerto Montt,Loyal,2024-07-09,Referido
907,Nancy Orellana Jara,carlos19@example.org,La Araucanía,Angol,Loyal,2023-11-16,Orgánico
908,José Navarro Martínez,emiliano58@example.com,Valparaíso,Valparaíso,New,2025-05-22,TikTok
909,Freddy Arancibia,oastete@example.net,Metropolitana,Providencia,Champions,2023-07-18,Facebook/Instagram
910,María Navarrete,sofiaperez@example.net,Los Ríos,Panguipulli,Champions,2024-03-07,Google Ads
911,Carmen Pamela Droguett Henríquez,patriciasalinas@example.com,Valparaíso,Viña del Mar,Hibernating,2024-03-25,TikTok
912,Edison Quiroz Carrillo,santanderfabiola@example.net,Valparaíso,Viña del Mar,Champions,2023-10-04,Orgánico
913,Millaray Emilia Droguett Campos,tcorrea@example.net,Metropolitana,Las Condes,At Risk,2025-04-12,Email Marketing
914,Francisca Noelia Rivera Aguilera,manuelmeza@example.org,Los Lagos,Puerto Varas,At Risk,2023-09-21,Facebook/Instagram
915,Valeria Carmen Castro Barría,bpino@example.com,La Araucanía,Padre Las Casas,Lost,2024-02-17,Referido
916,Andrea Espinoza Méndez,priscilla13@example.com,Metropolitana,Vitacura,Lost,2023-12-22,Google Ads
917,Valentina Vallejos Meza,andresdiaz@example.com,Metropolitana,Providencia,New,2024-02-25,Google Ads
918,Isidora Guzmán Martínez,mariaortiz@example.com,La Araucanía,Victoria,New,2024-03-12,TikTok
919,Isabel Irma Sepúlveda Reyes,abarcadaniel@example.org,Biobío,Hualpén,New,2024-11-22,Facebook/Instagram
920,Elisabeth Francisca Chávez Fuentes,candiapedro@example.net,Metropolitana,Ñuñoa,Lost,2023-05-10,Facebook/Instagram
921,Juan Leonardo García Soto,gvallejos@example.com,Coquimbo,Coquimbo,Champions,2023-07-14,Email Marketing
922,Dylan Sebastián Avendaño Miranda,parraguezpedro@example.org,Metropolitana,Macul,Lost,2023-10-08,Email Marketing
923,Maribel Sophia Garrido Aguirre,scancino@example.org,Valparaíso,Valparaíso,Lost,2023-12-19,TikTok
924,María Ortiz Meza,iturrapatricia@example.net,Antofagasta,Calama,Champions,2023-12-09,Email Marketing
925,Marisol Daniela Ortiz Ortiz,rodriguezteresa@example.net,Valparaíso,Viña del Mar,At Risk,2023-06-25,TikTok
926,Carolina Nora Villalobos Cordero,luisacevedo@example.com,Biobío,Concepción,Potential,2023-05-13,Google Ads
927,Javiera Camila Torres Badilla,matiasramirez@example.org,Metropolitana,Providencia,Loyal,2024-10-14,Google Ads
928,Carolina Cifuentes Sáez,josefacastro@example.org,Metropolitana,Peñalolén,Champions,2024-06-28,Orgánico
929,Jorge Orlando Rozas González,dianariffo@example.com,Los Ríos,Valdivia,New,2023-12-05,Facebook/Instagram
930,María Amelia Ávalos Galdames,mario06@example.net,Valparaíso,Viña del Mar,Loyal,2024-05-04,Referido
931,Patricia Castillo,thidalgo@example.com,O'Higgins,Rengo,Champions,2024-12-15,Referido
932,Joaquín Gutiérrez González,xcifuentes@example.com,Metropolitana,San Miguel,Lost,2023-02-20,Google Ads
933,Nelson Jorge Bugueño Brito,domingacastillo@example.org,Metropolitana,Lo Barnechea,At Risk,2023-10-02,Orgánico
934,Amanda Sonia López Canales,lopezenrique@example.net,Metropolitana,Providencia,Champions,2023-04-05,Orgánico
935,Claudia Esperanza Fica Delgado,benjamingonzalez@example.org,Biobío,Concepción,Champions,2023-05-24,Orgánico
936,Alexis Muñoz Pérez,juana91@example.com,Metropolitana,Puente Alto,Hibernating,2024-01-12,Email Marketing
937,Jennifer Neira Reyes,etoledo@example.net,O'Higgins,Rengo,Hibernating,2025-02-21,Referido
938,Amada Alicia Álvarez Sepúlveda,berriosemiliano@example.com,Valparaíso,Villa Alemana,Hibernating,2023-08-03,Orgánico
939,Roberto Daniel Valdés Soto,jcarreno@example.com,Coquimbo,Vicuña,Lost,2024-06-09,Email Marketing
940,Corina Marie Márquez Vera,maribelcortes@example.net,Metropolitana,Providencia,Champions,2023-03-16,Facebook/Instagram
941,Ana Vanessa Ortiz López,camilo05@example.net,O'Higgins,San Fernando,Hibernating,2024-07-01,Google Ads
942,Yasna Vásquez Andrade,salazarmatilda@example.com,Los Lagos,Puerto Varas,Champions,2023-03-21,Email Marketing
943,Juan Pérez Roa,freddyarias@example.org,Los Lagos,Puerto Montt,At Risk,2023-10-20,Facebook/Instagram
944,Carmela Rojas Rodríguez,rdonoso@example.com,Maule,Curicó,Lost,2024-07-20,Orgánico
945,Leonel Rubén Salazar Valdés,ymunoz@example.com,Los Lagos,Puerto Varas,Loyal,2024-12-14,Orgánico
946,Dominique Matilde Salazar Jofré,garciasylvia@example.com,Biobío,Los Ángeles,Potential,2024-10-20,Orgánico
947,Evelyn Susana Cabrera Tello,hermosillaandrea@example.net,Metropolitana,Macul,At Risk,2023-02-07,TikTok
948,Marjorie Zapata Hernández,soniazapata@example.net,Metropolitana,Providencia,Lost,2024-08-12,Orgánico
949,Marta Melo,joaquin71@example.org,Antofagasta,Antofagasta,Champions,2024-02-07,Google Ads
950,Agustina Casanova Gutiérrez,fuentespamela@example.net,Biobío,Chiguayante,Lost,2023-08-02,Email Marketing
951,Sandra Maureira Tapia,angel05@example.net,Los Lagos,Castro,Loyal,2023-02-02,Google Ads
952,Marcia Elsa Cabrera Muñoz,estherparra@example.net,Valparaíso,Quilpué,At Risk,2023-11-16,TikTok
953,Samantha Claudia Inostroza Acevedo,xreyes@example.org,Metropolitana,Lo Barnechea,Potential,2023-05-02,Orgánico
954,Luis Ismael Silva Rodríguez,claudiagalleguillos@example.net,Metropolitana,Puente Alto,Loyal,2023-04-02,Facebook/Instagram
955,Nicolás Pedro Sepúlveda Soto,elciramontecinos@example.com,La Araucanía,Villarrica,Loyal,2024-10-08,TikTok
956,Emma Castillo,gloria23@example.com,Valparaíso,Valparaíso,Champions,2024-07-31,Referido
957,Fabián Rosas Rojas,sebastiantoro@example.org,Metropolitana,Maipú,Loyal,2025-03-24,Orgánico
958,Aracely Scarlett Castillo Véliz,rsalgado@example.com,Valparaíso,San Antonio,Loyal,2023-07-04,Google Ads
959,Héctor Durán Pardo,christopherrivera@example.net,Metropolitana,La Florida,Lost,2023-10-04,Orgánico
960,Manuel Alonso Martínez Ramírez,darwinalvarez@example.net,Biobío,Concepción,Potential,2023-03-22,Google Ads
961,José García,jose03@example.org,Metropolitana,Las Condes,At Risk,2024-09-19,Orgánico
962,Alfredo Vergara Faúndez,anarodriguez@example.org,Los Lagos,Puerto Montt,Champions,2024-04-24,Google Ads
963,Francisco Carlos Hermosilla Aguilera,genesis51@example.com,Metropolitana,Maipú,Champions,2024-09-30,Referido
964,Carlos John Gallardo Morales,xtapia@example.net,Valparaíso,Viña del Mar,Potential,2023-04-18,Orgánico
965,Claudio Silva Coronado,usepulveda@example.net,Metropolitana,Quilicura,New,2024-12-08,TikTok
966,Mónica María Navarrete Troncoso,andrea18@example.com,Metropolitana,Puente Alto,Loyal,2023-07-27,Google Ads
967,Segundo Mauricio Vásquez Vega,cjara@example.org,Metropolitana,Puente Alto,Champions,2024-02-23,TikTok
968,Olivia Yolanda Maldonado Gatica,patricia49@example.org,Valparaíso,Valparaíso,Loyal,2024-09-17,Email Marketing
969,Eugenia Amada Jorquera Márquez,luis38@example.net,Biobío,Los Ángeles,At Risk,2024-10-08,TikTok
970,Teresa Sáez,pcancino@example.org,Metropolitana,Santiago,At Risk,2024-12-14,Google Ads
971,Antonella Castro Toledo,espinozatomas@example.net,La Araucanía,Temuco,At Risk,2024-06-21,Referido
972,María Catalina González Saavedra,xmartinez@example.net,O'Higgins,Santa Cruz,Loyal,2023-04-11,Facebook/Instagram
973,Daniel Diego Alarcón Sandoval,espinozacecilia@example.org,Los Lagos,Castro,Loyal,2025-03-02,Facebook/Instagram
974,Fernanda Romero Arancibia,tchoque@example.net,Metropolitana,Vitacura,Hibernating,2023-06-24,Orgánico
975,Doralisa Urrutia,maria90@example.com,Valparaíso,Quilpué,Champions,2024-06-07,Email Marketing
976,José Fuentes Zárate,ntobar@example.org,Metropolitana,Macul,At Risk,2024-04-02,Email Marketing
977,Carlos Martínez,paulavillanueva@example.org,Metropolitana,Maipú,Loyal,2024-11-16,Email Marketing
978,Cristian Cáceres Sobarzo,danielbravo@example.com,Los Ríos,La Unión,Hibernating,2023-04-17,TikTok
979,Florencia Mónica Rojas-Urrutia González,wmatus@example.org,Metropolitana,Lo Barnechea,Hibernating,2023-01-30,Google Ads
980,Roque José Alarcón Díaz,rosa23@example.net,Valparaíso,Villa Alemana,Loyal,2024-08-27,Orgánico
981,Nilda Bravo,luciano77@example.com,Biobío,Chiguayante,Lost,2023-11-08,TikTok
982,Leandro Ruiz,marisel89@example.net,La Araucanía,Temuco,New,2023-06-09,Facebook/Instagram
983,Marcelo Víctor Guzmán Santibáñez,monicasilva@example.org,Biobío,Hualpén,Hibernating,2024-02-04,TikTok
984,Jaime Zúñiga Armijo,gutierrezmichel@example.com,Metropolitana,Providencia,At Risk,2024-08-16,Google Ads
985,Carolina Soto Morales,jmorales@example.net,Metropolitana,Ñuñoa,Champions,2023-06-25,Referido
986,Iván Jorge Silva Tapia,nherrera@example.net,Valparaíso,Valparaíso,Lost,2025-05-27,Google Ads
987,Natacha Rosa Araya Garrido,imunoz@example.com,Metropolitana,Providencia,At Risk,2024-03-06,Orgánico
988,José Poblete Quiroz,lino94@example.com,Metropolitana,Quilicura,Potential,2024-07-29,Email Marketing
989,Francisca Lucía Escalona Cortés,guerrerogaspar@example.org,Metropolitana,Quilicura,Lost,2023-08-01,Facebook/Instagram
990,Scarlett Acosta Sierra,alejandromedel@example.org,Metropolitana,Macul,Loyal,2024-06-25,Orgánico
991,Eva Loreto Morales Opazo,mariavillegas@example.org,Metropolitana,La Reina,Lost,2024-07-11,Google Ads
992,Cristóbal Ramos,claudiamunoz@example.com,Metropolitana,Puente Alto,New,2024-11-05,Orgánico
993,Anthony Fuenzalida,laguilar@example.net,Biobío,Concepción,Champions,2023-01-01,Referido
994,Mario Inzunza,luis42@example.com,La Araucanía,Padre Las Casas,Loyal,2024-06-02,Google Ads
995,Jorge Bruno Díaz Henríquez,luisarriagada@example.org,Maule,Linares,Lost,2024-05-25,Referido
996,María Trinidad Villalobos Álvarez,moralesluis@example.net,Metropolitana,Macul,Potential,2023-08-16,Facebook/Instagram
997,Simón Montecinos Méndez,manuelsepulveda@example.net,Metropolitana,La Florida,New,2024-10-28,Google Ads
998,Antonella Roxana Torres Ramírez,ajaramillo@example.com,Metropolitana,Ñuñoa,Hibernating,2023-01-22,Google Ads
999,Luis Marco Orellana Acevedo,camilasantibanez@example.net,Biobío,Los Ángeles,Lost,2023-05-18,Orgánico
1000,Cecilia Juana Tobar Gómez,herrerajaime@example.org,La Araucanía,Padre Las Casas,Loyal,2025-05-11,Referido
1001,Richard Juan Vergara Riffo,bvelasquez@example.org,Metropolitana,Puente Alto,Lost,2023-09-01,Orgánico
1002,Jacqueline Palma,kguzman@example.com,Antofagasta,Calama,Champions,2024-12-16,Referido
1003,Daniel Herrera Bustos,valeskabustos@example.com,Metropolitana,La Florida,New,2023-09-05,Orgánico
1004,María Elizabeth Maldonado Briceño,alvaro21@example.net,Valparaíso,Quilpué,Champions,2024-08-08,TikTok
1005,Angélica Aída Jaramillo Caro,arielhormazabal@example.org,La Araucanía,Temuco,Lost,2023-10-24,Google Ads
1006,Mia González Aranda,abelardo42@example.com,O'Higgins,Pichilemu,Loyal,2023-07-08,Google Ads
1007,Millaray Katalina Torres-Rosales Soto,csilva@example.net,La Araucanía,Padre Las Casas,Lost,2024-12-04,Facebook/Instagram
1008,Leopoldo Leal Ruiz,javieravenegas@example.net,Maule,Talca,Loyal,2024-04-09,TikTok
1009,Gustavo Orellana,claudiasaldias@example.com,Metropolitana,Estación Central,Loyal,2024-10-02,Google Ads
1010,Anaís Castillo,gonzalezvicente@example.com,Maule,Cauquenes,Loyal,2023-07-27,Referido
1011,Muriel Verónica Cerda Gutiérrez,alfonso38@example.org,Metropolitana,La Reina,Potential,2023-12-25,Google Ads
1012,Sebastián David Neira Guzmán,gleiva@example.net,O'Higgins,Rancagua,Loyal,2023-05-15,Google Ads
1013,Pedro Fernández Berríos,saavedrasoledad@example.org,Valparaíso,Valparaíso,At Risk,2023-08-15,Google Ads
1014,Cristian Vera-Cabrera,jose29@example.com,Maule,Cauquenes,Loyal,2023-08-26,Facebook/Instagram
1015,Luis José Parada Muñoz,ibanezrosa@example.net,Valparaíso,Valparaíso,At Risk,2023-06-18,Email Marketing
1016,Camila María Farías Sánchez,rubencanales@example.org,Biobío,Concepción,Hibernating,2025-06-13,Orgánico
1017,Dolores Ámbar Gallegos Toledo,jose37@example.org,Valparaíso,Viña del Mar,Champions,2023-10-15,TikTok
1018,Isaac Patricio Molina Miranda,rosa34@example.com,La Araucanía,Padre Las Casas,Loyal,2025-06-23,Orgánico
1019,Rosa Machuca,karlagonzalez@example.com,Metropolitana,Estación Central,At Risk,2023-10-22,Facebook/Instagram
1020,Rodrigo Muñoz Bustos,diazrosa@example.net,Metropolitana,Vitacura,Loyal,2025-04-19,Orgánico
1021,Jorge Matus Mora,bastiasedith@example.net,Metropolitana,Peñalolén,Lost,2024-01-06,Referido
1022,Marcela Verónica Morales Toledo,simon27@example.net,Metropolitana,Puente Alto,Champions,2024-08-24,Referido
1023,Mario Sebastián Díaz Rojas,qsanchez@example.net,O'Higgins,Santa Cruz,At Risk,2023-08-06,Google Ads
1024,Eugenio Salazar,carolina37@example.com,Metropolitana,Quilicura,Lost,2024-08-25,Google Ads
1025,Salvador Felipe Padilla Inostroza,juanjara@example.net,Coquimbo,Illapel,Champions,2024-07-01,Google Ads
1026,Carmen Gilda Espinosa Ruiz,santiagobriceno@example.org,Metropolitana,Peñalolén,Lost,2024-03-08,Email Marketing
1027,Magaly Carrasco,irmaparedes@example.com,Metropolitana,La Florida,Champions,2023-01-09,Referido
1028,Luis Ariel Galdames Ruiz,munozignacio@example.net,Los Lagos,Ancud,Champions,2024-12-26,Referido
1029,Kevin Bustamante Morales,dominique60@example.org,Biobío,Chiguayante,Potential,2025-04-09,Referido
1030,Matías Tapia Díaz,zopazo@example.net,Valparaíso,Viña del Mar,At Risk,2024-11-13,TikTok
1031,Pablo Sergio Castro-Aguilera Garcés,druiz@example.org,Biobío,Los Ángeles,At Risk,2025-05-29,Google Ads
1032,María Miriam Cortés Soto,trinidad02@example.org,La Araucanía,Victoria,Champions,2023-03-19,Orgánico
1033,Mario Sánchez Cubillos,isabella62@example.org,Metropolitana,Lo Barnechea,At Risk,2023-09-24,TikTok
1034,Jean Leonardo Badilla Alvarado,snunez@example.com,Los Ríos,Corral,Lost,2024-03-24,Referido
1035,Franklin Francisco Poblete Hidalgo,kdiaz@example.com,Coquimbo,Vicuña,At Risk,2024-06-13,Email Marketing
1036,Luis Troncoso,rodrigo16@example.org,Biobío,Chiguayante,Hibernating,2023-06-15,Google Ads
1037,Iván Luis Oliva Leiva,jose02@example.org,Metropolitana,Peñalolén,Loyal,2023-11-20,Google Ads
1038,Eduardo Román Velásquez,pablo79@example.com,La Araucanía,Villarrica,Loyal,2023-05-02,Orgánico
1039,Carol Blanca Araya Cortés,martin43@example.net,Metropolitana,Vitacura,Champions,2023-09-03,Email Marketing
1040,Guillermina Florencia Bustamante Villanueva,pintovalentina@example.net,Metropolitana,Peñalolén,At Risk,2025-05-11,Google Ads
1041,María Elba Lagos Riveros,tflores@example.net,Metropolitana,Providencia,Potential,2025-06-14,Google Ads
1042,Luis Suárez Erices,colombaorellana@example.net,Valparaíso,Quilpué,Champions,2024-05-08,Email Marketing
1043,Verónica Filomena Lagos Leiva,catalinaburgos@example.com,O'Higgins,Rancagua,Lost,2025-04-28,Google Ads
1044,Valentina Cecilia Padilla Alvarado,fiorella64@example.net,La Araucanía,Angol,New,2025-05-23,Facebook/Instagram
1045,Mario Riquelme,emadariaga@example.org,Los Lagos,Osorno,Loyal,2024-02-10,Google Ads
1046,Montserrat Márquez Soto,rleon@example.net,Valparaíso,Quilpué,Loyal,2025-03-24,TikTok
1047,Alex Madrid Gálvez,ployola@example.org,Metropolitana,Quilicura,Hibernating,2025-01-06,Email Marketing
1048,Paulo Albornoz Venegas,cmunoz@example.com,Metropolitana,Macul,Champions,2024-07-30,Facebook/Instagram
1049,Paul Gabriel Soto Saavedra,saavedraalejandro@example.net,Los Ríos,Corral,At Risk,2025-04-25,Google Ads
1050,María Amparo Fernández Ulloa,patricia81@example.net,Metropolitana,Ñuñoa,At Risk,2025-02-17,Referido
1051,Pedro Rodríguez Valenzuela,ndiaz@example.org,O'Higgins,San Fernando,Lost,2023-09-30,Referido
1052,Thiago Víctor Garrido Alarcón,irodriguez@example.com,Biobío,Concepción,Loyal,2025-03-08,Google Ads
1053,Daniela Verónica Rubio Céspedes,hectormiranda@example.net,Valparaíso,Valparaíso,Loyal,2024-09-23,Email Marketing
1054,Cristina Bárbara Salinas Román,benjaminsilva@example.org,La Araucanía,Villarrica,Champions,2025-03-28,Email Marketing
1055,Javiera Patricia Rojas Muñoz,veronicajerez@example.org,Valparaíso,Viña del Mar,Loyal,2023-02-27,Facebook/Instagram
1056,Jorge Gómez Romero,carvajalmargarita@example.org,O'Higgins,Pichilemu,Hibernating,2024-12-21,Orgánico
1057,Gladys María Hernández Cáceres,salinasmatias@example.com,O'Higgins,Rengo,Champions,2024-07-30,TikTok
1058,Fabián José Gajardo Droguett,ortegagloria@example.net,Valparaíso,Valparaíso,Loyal,2024-08-03,Email Marketing
1059,David Espinosa Quiroz,constanzajara@example.net,Metropolitana,Providencia,At Risk,2023-07-06,Facebook/Instagram
1060,Víctor González Alvarado,parriagada@example.org,Biobío,Hualpén,Loyal,2023-11-08,Email Marketing
1061,María Díaz,blanca25@example.net,Antofagasta,Tocopilla,Potential,2024-11-22,Facebook/Instagram
1062,Blanca Ortiz,sgonzalez@example.net,Metropolitana,Santiago,Hibernating,2023-01-23,TikTok
1063,Patricia Álvarez Valenzuela,joanayala@example.com,Biobío,Hualpén,Champions,2024-05-01,TikTok
1064,Manuel Pino,fernandacaceres@example.net,Biobío,Los Ángeles,Champions,2023-09-19,TikTok
1065,Lidia Araya,ignaciomancilla@example.net,La Araucanía,Victoria,Loyal,2023-05-13,Facebook/Instagram
1066,Catalina Rocío Mendoza Campos,contrerasjacqueline@example.org,Metropolitana,Peñalolén,Loyal,2025-06-03,Google Ads
1067,Juan Mathias Núñez Santander,cynthia88@example.net,La Araucanía,Villarrica,Champions,2024-08-13,Google Ads
1068,Karina Francisca Collao Aros,ayalamaria@example.com,O'Higgins,Rancagua,Loyal,2025-04-25,TikTok
1069,Carlos Felipe Zambrano Soto,luis07@example.net,Metropolitana,Puente Alto,Lost,2023-11-26,Email Marketing
1070,Mercedes Francisca Flores González,uibanez@example.com,Metropolitana,Peñalolén,At Risk,2023-01-08,Facebook/Instagram
1071,Aurora Sara Navarro Soto,jose50@example.com,Coquimbo,Vicuña,Hibernating,2025-01-03,Google Ads
1072,Olivia Gabriela Castillo Díaz,santibanezsamuel@example.net,Metropolitana,Providencia,Loyal,2023-09-15,Referido
1073,Joseph Rodrigo Valdés Valenzuela,mariamunoz@example.org,Maule,Talca,Champions,2024-01-08,Google Ads
1074,Fernanda Lobos Gallardo,dhidalgo@example.com,Valparaíso,Quilpué,Champions,2024-07-11,Google Ads
1075,Sergio Rolando Merino Ramírez,paz35@example.net,Metropolitana,Providencia,Loyal,2024-12-31,TikTok
1076,Cristian Francisco Meléndez Romero,ggallardo@example.net,O'Higgins,Pichilemu,Lost,2024-05-28,Referido
1077,Gabriel Troncoso Fuentes,moralesjose@example.org,Valparaíso,Viña del Mar,Lost,2025-01-01,Google Ads
1078,Mariana Castro Lobos,joseabarca@example.com,Valparaíso,Quilpué,Champions,2023-03-22,Facebook/Instagram
1079,Ricardo Alejandro Mamani Sandoval,aibacache@example.net,Metropolitana,Macul,At Risk,2023-11-07,Orgánico
1080,María Laura Ojeda Aravena,margaritaaguilar@example.org,Biobío,Hualpén,At Risk,2023-01-12,TikTok
1081,Amelia López,eleon@example.net,Metropolitana,Santiago,Loyal,2023-12-01,Referido
1082,Manuel Alejandro Medina Madariaga,ugallegos@example.net,Metropolitana,Puente Alto,At Risk,2025-02-07,Facebook/Instagram
1083,José Roberto Martínez Yáñez,gabrielagodoy@example.com,Coquimbo,La Serena,New,2023-09-22,Referido
1084,Angie Gálvez Cortés,cecilia60@example.org,Metropolitana,Peñalolén,At Risk,2025-05-13,TikTok
1085,Belén Zamora Araya,margarita33@example.org,Biobío,Talcahuano,At Risk,2024-09-29,Google Ads
1086,Alonso Luis Seguel Núñez,uandrade@example.net,Metropolitana,Lo Barnechea,Loyal,2024-04-27,Orgánico
1087,Geraldine Bórquez Zepeda,mariavarela@example.net,Los Lagos,Castro,At Risk,2024-08-05,Facebook/Instagram
1088,Olga Arellano,rosamora@example.net,Metropolitana,Providencia,New,2023-01-27,Facebook/Instagram
1089,Hernán Pedro Henríquez Salinas,irene33@example.org,Coquimbo,Illapel,Lost,2025-01-12,Google Ads
1090,Francisco Rodrigo Alvarado Garcés,csaez@example.org,Valparaíso,San Antonio,At Risk,2023-08-24,Orgánico
1091,Valentina Catalina Rosales Montecinos,maldonadogiovanni@example.org,Metropolitana,Peñalolén,New,2024-11-01,Referido
1092,José Rojas,maria70@example.net,Metropolitana,Puente Alto,At Risk,2024-04-27,TikTok
1093,Ángela Ponce Marín,gonzalezamanda@example.org,Metropolitana,Quilicura,Lost,2023-07-27,Referido
1094,Jordán Peña Valencia,herreraamalia@example.org,Valparaíso,Valparaíso,New,2025-04-17,Facebook/Instagram
1095,Carola Ramos Sandoval,fernandezbarbara@example.org,Metropolitana,Ñuñoa,Champions,2024-11-18,Referido
1096,Ana Miranda Torres,juancastillo@example.net,Maule,Constitución,Champions,2023-10-20,Facebook/Instagram
1097,Carolina Natividad Gómez Cubillos,hernandezmarco@example.com,Valparaíso,Quilpué,Potential,2024-09-14,Google Ads
1098,Fermín Pablo Cruz Álvarez,carlacarvajal@example.org,Metropolitana,Puente Alto,Hibernating,2024-08-22,Email Marketing
1099,Elizabeth Nelly Barría Vergara,matamalaamerico@example.com,Biobío,Hualpén,Hibernating,2024-09-13,Google Ads
1100,Claudio Maldonado Díaz,zentenojose@example.org,La Araucanía,Temuco,At Risk,2024-01-08,Referido
1101,Tomás Juan Núñez Soto,karenaguilera@example.net,Metropolitana,Estación Central,Loyal,2025-02-10,TikTok
1102,Nicolás Canales,lilian02@example.org,Metropolitana,Vitacura,Loyal,2023-09-07,Google Ads
1103,Antonella Canales,saratapia@example.net,Metropolitana,Ñuñoa,At Risk,2025-02-03,Google Ads
1104,Juan Christian González Contreras,molinadiego@example.org,La Araucanía,Temuco,New,2024-01-18,Referido
1105,Emilia Karina Aguirre Cabello,felipegodoy@example.org,Biobío,Chiguayante,At Risk,2023-06-03,Referido
1106,Robinson Boris Saavedra Riquelme,maria30@example.com,Valparaíso,Quilpué,Loyal,2025-02-28,Orgánico
1107,Marcial Juan Lillo Ramírez,maria02@example.org,Maule,Cauquenes,Loyal,2023-08-21,Google Ads
1108,Daniela Elgueta Vega,alonso67@example.net,Maule,Cauquenes,At Risk,2024-10-23,Facebook/Instagram
1109,Enrique Cristian Mancilla Núñez,mariamunoz@example.com,Biobío,Concepción,Champions,2023-09-09,Facebook/Instagram
1110,Gladys Luisa Briceño Lorca,salvadorlira@example.com,O'Higgins,Pichilemu,Champions,2025-05-05,Google Ads
1111,Paula Judith González-Medina Torres,dignacampos@example.com,Metropolitana,Peñalolén,Champions,2023-11-23,Orgánico
1112,Emma Katherine Huerta Contreras,michael25@example.net,Metropolitana,Macul,At Risk,2024-12-20,TikTok
1113,María Flores Acuña,valenzuelacarmen@example.com,Metropolitana,San Miguel,Lost,2023-05-05,Facebook/Instagram
1114,Raúl Rodríguez-Ojeda,ariel47@example.net,Metropolitana,Puente Alto,At Risk,2024-12-22,Email Marketing
1115,Magdalena Teresa Olivares Fernández,elguetacarolina@example.org,Valparaíso,Valparaíso,Champions,2025-06-04,Referido
1116,Margarita Bustamante Jara,mariomorales@example.org,Antofagasta,Mejillones,Champions,2024-07-27,Email Marketing
1117,Javiera Mariana Luna Rodríguez,magdalena01@example.com,Metropolitana,Quilicura,Lost,2023-07-31,Referido
1118,Ivonne Carmen Sepúlveda Núñez,eduardoapablaza@example.org,Metropolitana,Ñuñoa,New,2025-04-29,Referido
1119,José Zapata,nataliachandia@example.net,Valparaíso,Villa Alemana,At Risk,2024-10-11,TikTok
1120,Rodrigo Miguel González Badilla,vasqueznicole@example.org,Antofagasta,Taltal,Champions,2025-05-26,Email Marketing
1121,Paola Ovalle Ramírez,yrozas@example.net,Metropolitana,San Miguel,Hibernating,2023-04-24,Email Marketing
1122,Luis Eugenio Gutiérrez Olave,vargasjose@example.org,Valparaíso,Villa Alemana,Lost,2023-06-25,Google Ads
1123,Rodrigo Juan Mora Suárez,nicolas45@example.com,Metropolitana,Santiago,At Risk,2023-04-10,Google Ads
1124,Carlos Naranjo Robles,marioriquelme@example.org,Metropolitana,Santiago,Lost,2023-10-24,Orgánico
1125,Daisy María Jorquera Castillo,faundezsonia@example.org,Los Ríos,Río Bueno,Champions,2023-06-07,Google Ads
1126,Colomba Pacheco Rivas,antonia69@example.com,Coquimbo,Coquimbo,New,2023-09-24,Email Marketing
1127,Daisy Fernández Galaz,zapatamercedes@example.org,Metropolitana,Quilicura,Loyal,2024-08-11,TikTok
1128,Roberto Martín Muñoz-Ramírez Orellana,acollao@example.com,Coquimbo,La Serena,Lost,2024-01-30,Orgánico
1129,Germán David Reyes Cortez,margarita52@example.net,Biobío,Hualpén,New,2024-09-01,Email Marketing
1130,Martina Pascal Aguayo Valdebenito,juanzuniga@example.net,O'Higgins,Pichilemu,Loyal,2023-11-02,Email Marketing
1131,Cristina Francisca Toloza Parra,silvia33@example.net,Valparaíso,Valparaíso,Loyal,2024-08-09,TikTok
1132,Matías Gonzalo Ramírez Vega,veganorma@example.org,Valparaíso,San Antonio,Loyal,2023-10-16,Referido
1133,Juan Alex Salazar Miranda,aolivares@example.net,Valparaíso,Viña del Mar,Hibernating,2025-05-10,Google Ads
1134,Vania Yáñez Urrutia,wrojas@example.net,Biobío,Los Ángeles,New,2023-04-19,Orgánico
1135,Jeremías Álvaro Rojas Rojas,monica83@example.com,Metropolitana,Peñalolén,Champions,2023-04-04,Orgánico
1136,María Elsa Santibáñez Barrientos,jvidal@example.net,Metropolitana,Estación Central,Loyal,2024-10-10,Email Marketing
1137,Sebastián Hernán Salinas Olivares,glagos@example.org,Metropolitana,Quilicura,At Risk,2025-02-08,Referido
1138,Oliver Eusebio Inostroza Ramírez,droguettsolange@example.org,La Araucanía,Angol,Lost,2023-03-25,Email Marketing
1139,Ignacio Alarcón Sandoval,carlos07@example.com,Metropolitana,Las Condes,Lost,2024-07-13,Google Ads
1140,Isabella Concha,gmartinez@example.com,La Araucanía,Padre Las Casas,At Risk,2025-02-24,Email Marketing
1141,Rosa Durán Pereira,jose48@example.org,Coquimbo,Illapel,New,2025-02-27,Orgánico
1142,Claudia Gutiérrez Rubio,roxanamorales@example.net,Metropolitana,Quilicura,Loyal,2023-10-24,Facebook/Instagram
1143,Erica Carrera Ferrada,moralesantonella@example.org,La Araucanía,Temuco,Champions,2024-05-19,TikTok
1144,Fabiola Segovia Moreno,cristopher77@example.net,Valparaíso,Quilpué,Potential,2023-05-26,Facebook/Instagram
1145,Iván Dante Pérez Salazar,esperanzaaraya@example.com,O'Higgins,Pichilemu,Champions,2024-04-18,Facebook/Instagram
1146,José Miguel Gómez Collao,delfina27@example.org,Metropolitana,Vitacura,Champions,2025-05-08,TikTok
1147,Marta Carmela Córdova Leiva,gcastillo@example.com,La Araucanía,Padre Las Casas,Loyal,2023-10-18,Google Ads
1148,Benjamín González Cabrera,valenzuelarosalba@example.com,Maule,Cauquenes,Lost,2023-06-08,Facebook/Instagram
1149,Eusebio Carlos Guerra Gutiérrez,navarroangela@example.net,Antofagasta,Mejillones,New,2024-10-30,Email Marketing
1150,Valeria Fernanda Gutiérrez Cerda,fvaldebenito@example.com,La Araucanía,Padre Las Casas,Potential,2024-11-11,Referido
1151,Paulo Cisternas,ttoledo@example.net,Valparaíso,Villa Alemana,Potential,2025-03-26,TikTok
1152,Paula Sandra Arias Garrido,jorge77@example.com,Biobío,Los Ángeles,Champions,2023-08-04,Facebook/Instagram
1153,Osvaldo Cid,cruzamelia@example.org,O'Higgins,Rengo,Loyal,2025-02-24,Google Ads
1154,Rubén Patricio Pulgar Olguín,pazvalencia@example.org,Biobío,Los Ángeles,Hibernating,2024-05-14,Referido
1155,Martin Héctor Parra Rivera,ncarrasco@example.com,Metropolitana,Estación Central,Loyal,2024-09-11,Email Marketing
1156,Juan Iván Araya Ortega,ignaciosilva@example.com,Antofagasta,Antofagasta,Hibernating,2025-05-02,Google Ads
1157,Claudia Edith González Choque,victorbustamante@example.org,La Araucanía,Padre Las Casas,Loyal,2023-06-06,Orgánico
1158,María Mondaca Ramírez,jamespacheco@example.net,La Araucanía,Angol,New,2023-06-20,Orgánico
1159,Claudia Isabel Alfaro Salazar,matias44@example.org,Metropolitana,Macul,Hibernating,2023-01-10,Google Ads
1160,Ana Arias Carvajal,tespinoza@example.org,Biobío,Hualpén,Champions,2023-06-17,Email Marketing
1161,Patricio Joel Orellana Herrera,patriciamaureira@example.org,Metropolitana,Quilicura,Champions,2024-06-14,Orgánico
1162,María Daniela Naranjo Angulo,mauricioavila@example.org,Biobío,Talcahuano,Potential,2023-08-07,Facebook/Instagram
1163,José Alarcón Morales,aliciasalazar@example.org,Metropolitana,Vitacura,At Risk,2025-04-12,Google Ads
1164,Fernanda Sofía Hermosilla Echeverría,javieraramirez@example.org,Biobío,Hualpén,Lost,2023-09-17,Email Marketing
1165,Camila González,carlosvalenzuela@example.com,Los Ríos,Panguipulli,At Risk,2024-01-19,Google Ads
1166,Carlos Pérez,roberto50@example.net,Metropolitana,La Florida,At Risk,2024-04-27,TikTok
1167,Juan Roberto Cortés Mena,yleiva@example.net,Coquimbo,La Serena,Champions,2024-06-17,Facebook/Instagram
1168,David Julián Pulgar Carrillo,toromaximiliano@example.org,Valparaíso,Valparaíso,Loyal,2025-06-13,Google Ads
1169,Hernán Alex Echeverría Sepúlveda,blancamaldonado@example.org,O'Higgins,San Fernando,Potential,2023-12-07,Google Ads
1170,Antonella Carreño Donoso,nancyriquelme@example.net,Los Lagos,Osorno,Champions,2025-04-02,Facebook/Instagram
1171,Gabriel Pizarro Ortiz,gonzalezcristian@example.com,Biobío,Los Ángeles,Champions,2025-01-02,Orgánico
1172,José Gabriel Osses Cancino,stephanie23@example.org,La Araucanía,Temuco,Lost,2025-04-13,Referido
1173,Adolfo Christopher Padilla Zenteno,ruiznicole@example.org,O'Higgins,San Fernando,New,2024-04-20,Email Marketing
1174,Luis Ibáñez Olivares,yasnaramirez@example.org,Valparaíso,Viña del Mar,Loyal,2023-11-14,Facebook/Instagram
1175,Diego Vásquez,gonzalezgabriel@example.org,Metropolitana,La Florida,Lost,2023-11-02,TikTok
1176,Juan Mancilla Rodríguez,jose91@example.com,Biobío,Chiguayante,Champions,2025-01-28,Referido
1177,Miguel Cristian Jiménez Cabezas,ana04@example.org,Maule,Linares,New,2023-01-29,Referido
1178,Felipe Francisco Padilla Cisterna,elizabeth35@example.com,Los Lagos,Puerto Varas,Loyal,2024-02-19,Facebook/Instagram
1179,Gonzalo Castillo Núñez,parracatalina@example.org,Los Lagos,Ancud,New,2025-06-21,Referido
1180,Rodrigo Villegas-Vera Opazo,oscarguevara@example.com,Valparaíso,Valparaíso,Champions,2024-01-26,Email Marketing
1181,Armando Palma Osorio,marcelatorres@example.net,Maule,Linares,New,2023-09-21,Email Marketing
1182,Juan Alberto González Cartes,velizjonathan@example.com,Metropolitana,Peñalolén,Loyal,2024-12-21,Facebook/Instagram
1183,Rosa Pardo,ficasandra@example.org,Valparaíso,Valparaíso,New,2024-10-28,Referido
1184,Ignacia Soto,javier65@example.com,Metropolitana,La Florida,Loyal,2025-06-24,TikTok
1185,Isaías Urra,gloria90@example.org,Metropolitana,La Florida,Champions,2024-08-08,Facebook/Instagram
1186,Maite Vanessa Quintana Rivas,natividad01@example.com,Metropolitana,Quilicura,Champions,2023-10-11,TikTok
1187,Florencia Torres Ávila,dmora@example.net,Metropolitana,Santiago,At Risk,2023-11-05,Email Marketing
1188,Johan Pastén,pascuala28@example.com,La Araucanía,Temuco,Champions,2024-07-18,Email Marketing
1189,Sebastián Alexis Orellana Delgado,gvaldes@example.org,Metropolitana,Maipú,Loyal,2023-01-17,TikTok
1190,Cecilia Viviana González Díaz,siturra@example.com,Valparaíso,Valparaíso,Champions,2025-06-27,TikTok
1191,Juan Rubén Mejías Carrasco,oscar09@example.net,Metropolitana,La Florida,Loyal,2023-10-18,Facebook/Instagram
1192,Lorena Francisca Méndez Pérez,contrerasrosalba@example.org,Metropolitana,Puente Alto,Champions,2024-07-08,Referido
1193,José Acevedo Hurtado,raulmunoz@example.net,Metropolitana,Peñalolén,Champions,2023-10-02,TikTok
1194,Eugenio Rivera,ncastillo@example.net,Metropolitana,Estación Central,Loyal,2024-01-20,Google Ads
1195,Pedro Acuña Allende,jean31@example.com,Biobío,Talcahuano,At Risk,2023-01-22,TikTok
1196,Raúl Tapia Cortés,nfuentes@example.net,Biobío,Hualpén,Champions,2024-04-26,TikTok
1197,Guillermo Cristian Fuentes Rodríguez,verabastian@example.com,Biobío,Chiguayante,Loyal,2025-06-18,Google Ads
1198,Lucas Francisco Parada Moya,estaybenjamin@example.com,Valparaíso,San Antonio,Champions,2024-04-23,Google Ads
1199,Juan Arturo Catalán Rivera,castillokiara@example.org,Metropolitana,Vitacura,New,2023-03-02,Google Ads
1200,Gustavo Valdebenito Ortega,ortizjose@example.net,O'Higgins,Rengo,New,2024-11-16,Google Ads
1201,Guillermo Juan Rivera Torres,josefina40@example.org,Valparaíso,Quilpué,Lost,2023-09-19,TikTok
1202,María Pinto-Urrutia Torres,jorgecontreras@example.org,Valparaíso,Quilpué,Loyal,2025-03-17,Google Ads
1203,Andrea Rocío Ortega Azócar,maria44@example.com,Metropolitana,La Florida,Champions,2023-05-17,Referido
1204,José Salazar,nancy74@example.org,Metropolitana,Maipú,Loyal,2023-01-18,Facebook/Instagram
1205,María Escobar Cabrera,pmena@example.com,Metropolitana,La Florida,Hibernating,2023-12-18,Referido
1206,María Emilia Santander Molina,feliperuiz@example.org,Metropolitana,Vitacura,Loyal,2024-02-05,Orgánico
1207,Manuel Luis Pinto Álvarez,santandermario@example.org,Biobío,Los Ángeles,At Risk,2023-06-09,Email Marketing
1208,Adriana Salas,alejandra04@example.com,Valparaíso,Valparaíso,Loyal,2023-10-23,Referido
1209,Armando Cortez Arriagada,saros@example.com,Biobío,Los Ángeles,Loyal,2024-02-29,Orgánico
1210,Salomón Ignacio Sánchez Salgado,josecortes@example.com,Los Lagos,Puerto Varas,New,2024-09-23,Email Marketing
1211,José Carlos Espinoza Molina,camilo61@example.net,Maule,Talca,Loyal,2023-11-29,Google Ads
1212,Teresa Aída Zárate Montes,roberto49@example.org,La Araucanía,Padre Las Casas,At Risk,2024-12-06,Facebook/Instagram
1213,Felipe Ponce Escobar,gutierrezfrancisco@example.net,Coquimbo,Vicuña,Loyal,2023-09-08,Referido
1214,Leonardo José Molina Pérez,cardenasroxana@example.org,Metropolitana,Estación Central,New,2025-03-01,TikTok
1215,Vicente Víctor Navarrete Gutiérrez,rolivares@example.com,Metropolitana,Providencia,Champions,2023-01-01,Referido
1216,Carlos Leonardo Ruiz Torres,amandaurra@example.org,Metropolitana,Santiago,Potential,2023-12-10,Facebook/Instagram
1217,Humberto Ismael Alarcón Rojas,fmolina@example.net,Biobío,Concepción,Loyal,2025-01-11,Referido
1218,Ronny Salinas,jimenezsergio@example.com,O'Higgins,San Fernando,Hibernating,2023-04-09,Email Marketing
1219,Manuel Franklin Campos Espinoza,pedro98@example.org,Metropolitana,Vitacura,New,2023-12-26,Orgánico
1220,Freddy García,ericbravo@example.com,Antofagasta,Mejillones,New,2023-04-16,TikTok
1221,Damián Torres Barra,abner33@example.net,Metropolitana,Puente Alto,At Risk,2023-09-28,Referido
1222,José Herminio Muñoz Zapata,alicia60@example.com,Antofagasta,Antofagasta,Loyal,2025-04-05,Email Marketing
1223,Tomás Wilson Sánchez Espinoza,celismiguel@example.org,Metropolitana,Maipú,At Risk,2024-11-20,Orgánico
1224,Fernanda Aguilera López,rodrigo87@example.com,Metropolitana,Lo Barnechea,Hibernating,2025-06-08,Email Marketing
1225,Byron Yáñez López,carlos51@example.org,Valparaíso,Valparaíso,Loyal,2023-12-29,TikTok
1226,Sandra Quispe-Cortés,cindydonoso@example.org,Metropolitana,Ñuñoa,Champions,2025-05-24,TikTok
1227,Rosendo Claudio Cofré Márquez,cristobal86@example.net,Metropolitana,La Florida,Hibernating,2024-04-07,Google Ads
1228,Brian Baeza,vegarobert@example.net,Metropolitana,La Reina,Lost,2023-08-07,Email Marketing
1229,Reinaldo Jaime Espinoza Vargas,jordan86@example.com,Maule,Talca,At Risk,2023-05-30,Orgánico
1230,Catalina Miriam Gómez Lira,eduardocarrasco@example.org,Valparaíso,Quilpué,At Risk,2025-06-28,Referido
1231,Amaya María Jaque Garrido,cristiandiaz@example.net,Metropolitana,Peñalolén,New,2024-03-01,Email Marketing
1232,Macarena Daniela Guzmán Villagrán,bustosevaristo@example.com,Biobío,Talcahuano,At Risk,2023-09-28,Facebook/Instagram
1233,Rosendo René Rojas Cifuentes,fuentescristian@example.net,La Araucanía,Angol,Loyal,2023-10-14,Facebook/Instagram
1234,Rodolfo Ossandón Cavieres,diego63@example.net,Metropolitana,Santiago,Loyal,2024-07-05,Referido
1235,Carolina Claudia González Riquelme,paola97@example.org,Valparaíso,Viña del Mar,Loyal,2025-06-28,TikTok
1236,Daniela Álvarez,jimmy29@example.net,Metropolitana,Ñuñoa,New,2024-07-17,TikTok
1237,Alejandro Contreras,anunez@example.net,Metropolitana,La Reina,At Risk,2025-05-20,Google Ads
1238,Eliecer Barría,emiliohenriquez@example.net,La Araucanía,Temuco,Champions,2024-02-08,Referido
1239,Juan Sáez,torrestomas@example.net,Metropolitana,La Florida,At Risk,2023-09-15,Email Marketing
1240,Francisco González Contreras,pmontecinos@example.net,Valparaíso,San Antonio,Champions,2023-09-26,Orgánico
1241,Margarita Zapata Avendaño,barrientosmanuel@example.net,La Araucanía,Temuco,Lost,2023-03-23,Orgánico
1242,Jonathan Guzmán,mvidela@example.net,Metropolitana,Puente Alto,At Risk,2023-04-18,Referido
1243,Susana Rayén Orellana Godoy,nieves82@example.net,Biobío,Los Ángeles,At Risk,2024-06-26,Facebook/Instagram
1244,Eugenia Julia Ramírez González,guzmanantonella@example.net,Metropolitana,Santiago,Lost,2024-03-25,Google Ads
1245,Fernando Juan Guerrero Toledo,adelaquezada@example.net,Coquimbo,La Serena,New,2023-10-30,Facebook/Instagram
1246,Jean Albino Gallardo Vera,melendezjuan@example.net,Valparaíso,Valparaíso,Champions,2025-03-12,TikTok
1247,Antonia Rojas Catalán,francisco47@example.com,Maule,Constitución,Hibernating,2024-06-20,Email Marketing
1248,Carolina Córdova,nortega@example.org,Biobío,Hualpén,Loyal,2024-01-24,Orgánico
1249,Washington Candia,benjamin03@example.net,Metropolitana,Peñalolén,Lost,2025-02-08,Orgánico
1250,Ian Burgos Ulloa,virginiaguerrero@example.com,Biobío,Concepción,Loyal,2023-04-28,Referido
1251,Paula Jiménez Soto,qfuentes@example.net,Coquimbo,Coquimbo,Lost,2023-01-03,Facebook/Instagram
1252,John Benjamín Jaque González,mariamendez@example.com,Biobío,Talcahuano,Potential,2024-07-31,Facebook/Instagram
1253,Leticia Castillo Palma,ereyes@example.org,Maule,Linares,At Risk,2025-04-05,Google Ads
1254,Hernán Pacheco,josearavena@example.com,O'Higgins,Santa Cruz,Champions,2025-01-06,Google Ads
1255,Clara Aguilar,pizarromaria@example.net,Metropolitana,Vitacura,Loyal,2025-06-10,Facebook/Instagram
1256,Georgina Araya Flores,jose12@example.com,Metropolitana,Las Condes,Loyal,2023-09-17,TikTok
1257,Luis Manuel Gallardo Yáñez,julian03@example.org,Biobío,Concepción,At Risk,2024-03-26,Email Marketing
1258,María Nicol Hermosilla Godoy,samuelseguel@example.com,Valparaíso,Viña del Mar,New,2024-02-09,Orgánico
1259,Rodrigo Diego Aranda Sánchez,arredondoboris@example.org,Maule,Talca,At Risk,2025-02-08,TikTok
1260,Delia Stephanie Castro Olivares,fcastaneda@example.com,O'Higgins,Pichilemu,Champions,2023-12-19,TikTok
1261,Milena Navarro González,amamani@example.net,Metropolitana,La Florida,New,2023-04-19,Facebook/Instagram
1262,Lukas Humberto Ojeda Reyes,hmoraga@example.org,Metropolitana,Providencia,Loyal,2024-08-26,Google Ads
1263,Laura Jaramillo Toro,kleiva@example.net,Los Lagos,Castro,Champions,2024-06-03,Facebook/Instagram
1264,Eduardo Henry Aravena Fuentes,andreaalvarez@example.net,Metropolitana,Maipú,At Risk,2025-01-26,Referido
1265,Eugenio Sepúlveda,oscar27@example.com,Maule,Talca,Champions,2023-04-19,Orgánico
1266,Michelle Nicole Burgos Sánchez,castillomauricio@example.com,Valparaíso,Viña del Mar,Loyal,2023-09-18,TikTok
1267,Ángel Luis López Fuentealba,simonmunoz@example.org,Biobío,Chiguayante,At Risk,2024-03-03,Facebook/Instagram
1268,Juan Flores,isidora95@example.com,Metropolitana,Peñalolén,At Risk,2025-01-19,Facebook/Instagram
1269,Maite Pacheco,jose88@example.com,Biobío,Concepción,Loyal,2023-09-02,Facebook/Instagram
1270,Stephanie Vera,gonzalezmanuel@example.com,Valparaíso,Viña del Mar,Hibernating,2024-08-22,Orgánico
1271,Camila Viviana Cortez Díaz,salvear@example.com,Biobío,Hualpén,At Risk,2024-10-19,Facebook/Instagram
1272,Ámbar Claudia Molina Vergara,jolivares@example.com,Metropolitana,Macul,Champions,2024-07-19,Referido
1273,María Aylin Verdugo Hernández,kmorales@example.net,La Araucanía,Padre Las Casas,Champions,2025-05-28,Orgánico
1274,Rose Chávez,diazfrancisco@example.org,O'Higgins,Rancagua,At Risk,2024-09-07,Google Ads
1275,Javiera Hormazábal Córdova,gonzalezisidora@example.com,Metropolitana,Quilicura,Loyal,2023-04-16,Email Marketing
1276,Joaquín Tapia,juansalinas@example.org,Metropolitana,Peñalolén,Loyal,2024-03-28,TikTok
1277,Fernando Tello,ferradabernardita@example.org,Metropolitana,Peñalolén,At Risk,2023-04-21,Referido
1278,Nicole Virginia Hidalgo Rosales,scartes@example.org,Biobío,Los Ángeles,Lost,2023-05-31,Orgánico
1279,Alonso Luis Bustamante Varas,juansan-martin@example.org,Biobío,Talcahuano,Champions,2024-05-07,Referido
1280,Ariel Pablo Fernández Sandoval,bernardopalma@example.com,Valparaíso,Valparaíso,Loyal,2024-01-23,Referido
1281,Elian Montecino Chamorro,gajardomario@example.org,Metropolitana,Providencia,Loyal,2023-07-30,Facebook/Instagram
1282,María Cecilia Millán Núñez,pedroceballos@example.com,Metropolitana,Las Condes,Lost,2024-08-29,TikTok
1283,Marcela Mariela Rodríguez Cabello,avendanojeremias@example.net,Biobío,Los Ángeles,Loyal,2024-06-25,TikTok
1284,Javier Madrid,dgonzalez@example.com,Valparaíso,San Antonio,Champions,2024-02-29,Google Ads
1285,Byron Sepúlveda,luisfuentes@example.net,Los Ríos,Panguipulli,New,2024-04-05,Email Marketing
1286,Matías Steven Aránguiz Cortés,patriciohernandez@example.com,Metropolitana,Macul,Potential,2024-12-22,Email Marketing
1287,Gilberto Díaz,jsandoval@example.net,La Araucanía,Padre Las Casas,Hibernating,2023-09-29,Referido
1288,Jean Díaz Escobar,zunildaramos@example.net,Valparaíso,Villa Alemana,Lost,2025-05-26,Google Ads
1289,José Orrego,jose01@example.net,Valparaíso,San Antonio,Champions,2025-03-12,Email Marketing
1290,Adolfo Pérez,maria94@example.com,La Araucanía,Padre Las Casas,Loyal,2023-10-19,Email Marketing
1291,Monica Riveros Oliva,juanafernandez@example.com,La Araucanía,Angol,Champions,2024-10-31,Google Ads
1292,Ernesto Luis González González,nmerino@example.org,Los Ríos,Río Bueno,At Risk,2023-06-13,Facebook/Instagram
1293,Ximena Villegas,taraneda@example.org,Metropolitana,La Florida,New,2025-02-22,Orgánico
1294,Sofía Roxana Villalobos Cisternas,angelaperez@example.net,Metropolitana,La Reina,Loyal,2025-01-17,TikTok
1295,Juan Rolando Vega Cortés,sleiva@example.com,La Araucanía,Padre Las Casas,Lost,2024-10-31,Orgánico
1296,Ricardo Fuentes,ricardovaras@example.net,Biobío,Los Ángeles,At Risk,2024-03-09,Referido
1297,Daniela Sánchez Varas,daniel31@example.org,Metropolitana,Vitacura,New,2024-10-30,Referido
1298,Berta Hernández Alegría,wgajardo@example.net,Metropolitana,Vitacura,At Risk,2023-10-07,TikTok
1299,Ana Donoso Arriagada,manueltorres@example.com,Metropolitana,Providencia,At Risk,2023-03-18,Referido
1300,Virginia María Montecinos Arellano,elianainostroza@example.com,O'Higgins,Rengo,Lost,2023-11-01,Email Marketing
1301,Héctor Julio Matus Bravo,vargasmelany@example.com,Metropolitana,Providencia,New,2025-03-20,Email Marketing
1302,Isolina Sofía Carvajal Romero,kevin70@example.org,Metropolitana,San Miguel,Hibernating,2025-06-12,Facebook/Instagram
1303,María Araya Marín,bvergara@example.com,Metropolitana,La Reina,At Risk,2025-01-01,Google Ads
1304,Flor Claudia Ortega Ramírez,arayamarcelo@example.net,Metropolitana,Vitacura,New,2023-01-09,Facebook/Instagram
1305,Raquel Varas-Gajardo,rubilarramon@example.com,Metropolitana,Las Condes,At Risk,2023-04-02,Google Ads
1306,Francisco Marcos Martínez Saavedra,ossandonteresa@example.net,Valparaíso,Quilpué,Loyal,2024-07-02,Email Marketing
1307,Dilan Pinilla-Romero Díaz,alexis67@example.org,Metropolitana,Peñalolén,Hibernating,2023-04-12,Referido
1308,Esmeralda Cabezas Reyes,valeria10@example.net,Maule,Linares,Loyal,2025-01-27,TikTok
1309,Joaquín Carlos González González,cfierro@example.net,Metropolitana,Providencia,Champions,2024-05-12,TikTok
1310,Patricio Moncada Acevedo,qsandoval@example.com,Valparaíso,Quilpué,At Risk,2023-05-20,Facebook/Instagram
1311,Valentina Solís,contrerasnorma@example.com,O'Higgins,Pichilemu,Lost,2025-04-05,Email Marketing
1312,Santiago Sebastián Ormeño Bruna,cristoballizama@example.org,Biobío,Concepción,New,2024-10-21,Orgánico
1313,Camila María Araya Cifuentes,alarconeliana@example.net,Valparaíso,Villa Alemana,Lost,2025-05-17,Google Ads
1314,María Gloria Álvarez Jara,byron90@example.com,Metropolitana,Macul,Hibernating,2024-03-01,TikTok
1315,Yanira Génesis Cubillos Ortega,carmenacuna@example.org,Metropolitana,La Florida,Champions,2024-01-05,Email Marketing
1316,Nancy Betty Mora Barra,viviana80@example.com,Biobío,Concepción,At Risk,2023-07-24,Referido
1317,Manuel Gutiérrez González,javieracaballero@example.net,Los Ríos,La Unión,At Risk,2025-04-11,TikTok
1318,Kevin Herrera Ortiz,pachecoluis@example.net,Biobío,Hualpén,At Risk,2023-08-18,Orgánico
1319,Waldo Liam Bórquez Araya,jose76@example.com,Biobío,Los Ángeles,Loyal,2024-05-03,Orgánico
1320,Iván Gálvez-Sepúlveda,bgallegos@example.com,La Araucanía,Angol,Lost,2024-03-06,Referido
1321,Leonardo Alexander Cuevas Delgado,canaleseduardo@example.net,Valparaíso,San Antonio,Loyal,2023-04-27,Google Ads
1322,Alicia Susana Silva Álvarez,clobos@example.org,Metropolitana,Las Condes,New,2024-06-19,Email Marketing
1323,Valeria María Donoso Baeza,bruno50@example.net,Biobío,Los Ángeles,At Risk,2025-02-20,Referido
1324,Juan Varas Belmar,amaroacuna@example.net,Coquimbo,Illapel,Loyal,2023-05-03,Email Marketing
1325,Juan Luis Águila Muñoz,giulianalagos@example.com,Metropolitana,Quilicura,Loyal,2025-05-01,Google Ads
1326,Mariano Samuel Navarrete Leal,carola65@example.com,La Araucanía,Padre Las Casas,At Risk,2023-07-19,TikTok
1327,Jorge Jaime Castro Pacheco,san-martinmaria@example.com,Metropolitana,Providencia,At Risk,2025-05-06,Referido
1328,Catalina Sonia Carreño Plaza,alonsogarcia@example.org,Valparaíso,San Antonio,At Risk,2024-07-26,Facebook/Instagram
1329,Yenifer Reyes,lbugueno@example.org,Metropolitana,Puente Alto,New,2023-03-02,Referido
1330,Rodolfo Juan Muñoz Medina,avega@example.com,Valparaíso,Viña del Mar,Hibernating,2023-01-08,Facebook/Instagram
1331,Olga Karla Lizama Díaz,kmardones@example.net,Los Lagos,Castro,Loyal,2024-08-08,Facebook/Instagram
1332,María Soto Figueroa,marioalvarez@example.com,Metropolitana,Santiago,Lost,2024-02-17,Google Ads
1333,Paulina Torres,agustina47@example.net,Biobío,Los Ángeles,Loyal,2025-01-02,Facebook/Instagram
1334,Lorena Godoy,tvera@example.net,Los Lagos,Ancud,Potential,2024-08-29,Facebook/Instagram
1335,Catalina Pamela Tapia Santibáñez,floresmaria@example.net,Antofagasta,Taltal,Potential,2023-07-04,TikTok
1336,Pedro José Toro Chávez,erickpavez@example.net,Metropolitana,Ñuñoa,Champions,2025-05-29,Email Marketing
1337,Daniela Gómez Ortega,medinadiego@example.com,Metropolitana,San Miguel,Champions,2023-11-19,Facebook/Instagram
1338,Ivonne Ximena Riquelme Godoy,angelicacid@example.org,Metropolitana,Santiago,Champions,2023-11-06,TikTok
1339,Germán Sebastián Espinosa Moreno,herreraangelica@example.net,Los Ríos,La Unión,Loyal,2025-01-02,Email Marketing
1340,Lorena García,ramosmercedes@example.net,Antofagasta,Tocopilla,Champions,2023-11-23,TikTok
1341,Florentino Patricio Valdebenito Pinto,nvalenzuela@example.net,Valparaíso,Quilpué,Champions,2023-08-13,Email Marketing
1342,Elisa Dina Espinoza Santana,jaramariana@example.com,Maule,Constitución,Loyal,2024-01-23,TikTok
1343,Roberto Juan Díaz Valenzuela,dbugueno@example.org,Valparaíso,San Antonio,Lost,2023-02-19,Facebook/Instagram
1344,Milton Delgado Vásquez,daniela03@example.org,Biobío,Hualpén,Champions,2025-05-29,Orgánico
1345,Rolando Matías García Quiroga,parrajuana@example.org,Metropolitana,Las Condes,Loyal,2024-01-03,Referido
1346,Mauricio Olave Leiva,sepulvedasegundo@example.com,Los Lagos,Puerto Montt,New,2024-05-07,Google Ads
1347,Sofía Franchesca Palma Ahumada,juniormontecinos@example.com,Metropolitana,Lo Barnechea,At Risk,2023-11-23,Google Ads
1348,Pablo Juan Vidal Muñoz,omontecinos@example.com,Maule,Linares,Loyal,2024-07-04,Google Ads
1349,Héctor Pino,cesar03@example.org,Los Lagos,Castro,Potential,2024-08-02,Google Ads
1350,Rodrigo Jaime Montecinos Castillo,adan58@example.org,La Araucanía,Temuco,Loyal,2024-04-27,Facebook/Instagram
1351,Paulo Vicente Rojas Bustos,oalfaro@example.org,Metropolitana,Providencia,Champions,2024-04-06,Email Marketing
1352,Ismael Carrasco,udelgado@example.com,Metropolitana,Macul,Lost,2025-01-14,Email Marketing
1353,Daniel Gómez,enrique26@example.net,Metropolitana,Macul,At Risk,2025-04-27,TikTok
1354,Maritza Rosa Gatica Fonseca,elsacardenas@example.com,Metropolitana,Ñuñoa,Champions,2025-01-03,Email Marketing
1355,Lorena Carolina Ojeda Oyarce,patriciaespinoza@example.net,Metropolitana,Lo Barnechea,New,2025-04-05,TikTok
1356,José Guzmán Ortiz,wvalencia@example.org,Antofagasta,Antofagasta,Hibernating,2023-11-28,Referido
1357,Giuliana Zapata-Brito Cornejo,carrilloelisa@example.org,Biobío,Chiguayante,Hibernating,2024-06-25,Email Marketing
1358,Diego Ariel Ruiz Cea,maitearellano@example.org,Metropolitana,Macul,New,2024-12-20,Facebook/Instagram
1359,Manuel Pavez Sanhueza,mauricio19@example.org,Metropolitana,Estación Central,At Risk,2025-02-07,Referido
1360,Pablo Díaz,luisalvarado@example.com,Valparaíso,Quilpué,At Risk,2024-03-07,Email Marketing
1361,Juan Francisco García Barahona,davidabarca@example.com,Biobío,Los Ángeles,Loyal,2024-08-13,Google Ads
1362,Benjamín Rodrigo Acosta Jiménez,chandiaromina@example.org,Valparaíso,Viña del Mar,Lost,2023-03-21,Facebook/Instagram
1363,Román Aquiles Padilla Plaza,jose07@example.net,Antofagasta,Antofagasta,At Risk,2025-01-30,Google Ads
1364,Félix Rafael Vidal Correa,vergaraalejandra@example.net,Valparaíso,San Antonio,Loyal,2024-02-01,Orgánico
1365,Rafael José Álvarez Ulloa,retamalbenjamin@example.org,Los Ríos,Río Bueno,At Risk,2024-05-13,Facebook/Instagram
1366,Ricardo Daniel López Hernández,rodrigomanriquez@example.com,Maule,Curicó,Loyal,2023-09-11,Google Ads
1367,Pascal Francia Zapata Silva,pachecoester@example.net,Metropolitana,La Florida,New,2023-12-31,Orgánico
1368,Mauricio Rafael Ramírez Ahumada,gabrieljimenez@example.org,Antofagasta,Calama,Champions,2023-09-06,Orgánico
1369,Bárbara Muñoz,josevidal@example.com,Metropolitana,Maipú,Loyal,2024-09-28,Email Marketing
1370,José Cristian Pinto Riquelme,torellana@example.com,Maule,Constitución,Hibernating,2023-09-12,TikTok
1371,Edward Luis Cáceres Díaz,josemerino@example.org,Metropolitana,Lo Barnechea,Champions,2025-06-08,Email Marketing
1372,Cristian Castro Sánchez,carlosagurto@example.com,O'Higgins,Rancagua,Champions,2024-01-20,TikTok
1373,María Torres,german71@example.com,O'Higgins,San Fernando,Loyal,2023-04-02,Google Ads
1374,Ramón Orlando Pizarro Velásquez,solarluis@example.net,Maule,Constitución,New,2023-07-02,Google Ads
1375,Abel Santiago González Valdés,carmen27@example.org,Los Lagos,Ancud,At Risk,2023-08-22,Referido
1376,Víctor José Pinto Barros,javieraarancibia@example.com,Metropolitana,Ñuñoa,At Risk,2024-05-19,Google Ads
1377,Alberto Gonzalo Guerrero Aravena,maximosilva@example.org,Metropolitana,Maipú,Hibernating,2023-01-23,Facebook/Instagram
1378,Julio Martín Silva Herrera,alejandrasaavedra@example.com,Valparaíso,San Antonio,Loyal,2023-05-22,Email Marketing
1379,Paula Torres,camposmaximo@example.com,Metropolitana,La Reina,Champions,2023-12-22,TikTok
1380,José Benjamín Torres Retamales,karenahumada@example.org,La Araucanía,Villarrica,Loyal,2024-12-08,Referido
1381,José Christian Muñoz Zúñiga,victoria62@example.net,Metropolitana,San Miguel,At Risk,2023-03-13,Email Marketing
1382,Ismael Guillermo Inostroza-Astudillo Pincheira,julioarias@example.com,Coquimbo,Coquimbo,Champions,2024-06-08,Orgánico
1383,Constanza Noemí Riveros Barrera,vidalyessenia@example.net,Biobío,Chiguayante,At Risk,2023-01-02,Referido
1384,Sara Marín Gutiérrez,villarroelmaria@example.com,Maule,Talca,Lost,2024-01-02,Referido
1385,Claudia Santander Riquelme,pedro37@example.net,Metropolitana,Macul,Loyal,2023-12-03,Facebook/Instagram
1386,Amparo Muñoz,rociocofre@example.com,O'Higgins,Rengo,Loyal,2023-04-26,Facebook/Instagram
1387,Javiera Rojas Zúñiga,daniel48@example.org,Antofagasta,Taltal,Potential,2023-04-09,Referido
1388,Ivonne Rojas Guevara,flaviamena@example.org,Valparaíso,Quilpué,Loyal,2023-09-15,TikTok
1389,Mía Anahí Acosta Gálvez,denissehernandez@example.net,Biobío,Los Ángeles,At Risk,2023-05-11,Orgánico
1390,Celinda Ana Durán Martinez,mariaramos@example.com,Los Lagos,Osorno,Potential,2023-10-19,Email Marketing
1391,José Muñoz Díaz,amanda57@example.org,Metropolitana,San Miguel,Champions,2024-02-25,Orgánico
1392,Jesús Rodrigo Pardo Mendoza,catalina50@example.net,Valparaíso,Viña del Mar,Hibernating,2024-05-16,TikTok
1393,Alicia Silva Arroyo,kmedina@example.net,Metropolitana,Providencia,Hibernating,2025-04-04,Google Ads
1394,Patricia Joselyn Ramírez González,canaleskrishna@example.org,Metropolitana,Macul,New,2023-10-06,TikTok
1395,Sebastián García Bravo,hparedes@example.org,Metropolitana,San Miguel,Champions,2025-05-27,Orgánico
1396,Eduardo Enrique Martínez Gómez,bcampos@example.net,Metropolitana,Santiago,New,2024-05-21,Orgánico
1397,Boris Toro,naraneda@example.org,Metropolitana,Maipú,At Risk,2024-01-21,Orgánico
1398,Cristian Rodrigo Muñoz Cartes,ronaldcabrera@example.net,Metropolitana,Las Condes,Loyal,2023-09-18,Google Ads
1399,Colomba Herminia Campos Chandía,marcelocollao@example.com,Coquimbo,Vicuña,At Risk,2025-03-13,Orgánico
1400,Joselyn Cancino Vergara,raulgallegos@example.net,Valparaíso,Viña del Mar,Lost,2025-04-22,Facebook/Instagram
1401,Dominga Natalia Navarro Ruz,riveraalondra@example.org,Coquimbo,Illapel,Champions,2023-04-19,TikTok
1402,Nelson Fernando Avendaño Mejías,juancastro@example.org,Valparaíso,Quilpué,Champions,2024-02-29,Orgánico
1403,Roberto Jaime Núñez Toledo,juanasilva@example.org,Metropolitana,Providencia,At Risk,2023-07-17,Email Marketing
1404,Raúl Becerra-Riquelme,gvalenzuela@example.com,Valparaíso,San Antonio,New,2025-04-08,Orgánico
1405,Guillermo Marchant,eduardo75@example.net,Valparaíso,San Antonio,Champions,2023-06-20,Orgánico
1406,Jonathan Bernardo González Astudillo,veronica26@example.com,Metropolitana,Providencia,New,2023-12-07,Facebook/Instagram
1407,Lorena Cecilia Sánchez Osorio,ramirezomar@example.net,Biobío,Concepción,Hibernating,2024-09-14,Facebook/Instagram
1408,Constanza Ruth Cárcamo Cornejo,riverafrancisca@example.org,Metropolitana,La Florida,Lost,2023-04-28,Email Marketing
1409,Marcela Constanza Plaza Espinoza,gjorquera@example.com,Biobío,Hualpén,Loyal,2024-10-15,Referido
1410,Gustavo José Bustos Flores,francisco15@example.com,Biobío,Concepción,Champions,2024-03-05,Referido
1411,Dora Muñoz,becerranancy@example.com,Metropolitana,Ñuñoa,New,2023-12-04,Google Ads
1412,Blanca Lía Vargas López,vegacarolina@example.com,Metropolitana,Lo Barnechea,Loyal,2024-09-07,Email Marketing
1413,Carolina Dominga Fuentes Jara,rojasnatalie@example.com,Los Lagos,Osorno,New,2023-06-17,Facebook/Instagram
1414,Leandro Rubén Hernández Sepúlveda,kvalenzuela@example.com,Valparaíso,Quilpué,At Risk,2023-02-21,Orgánico
1415,Georgina Margarita Velásquez Martínez,paradajuan@example.com,Metropolitana,La Reina,New,2024-02-25,Google Ads
1416,Nora Mónica Vidal Venegas,sabina96@example.com,Los Ríos,Valdivia,Champions,2023-05-30,Email Marketing
1417,Víctor Ayala,hsoto@example.net,Metropolitana,La Reina,Loyal,2024-08-30,Email Marketing
1418,Fredy Lagos,leonel58@example.net,La Araucanía,Villarrica,Lost,2023-12-22,Google Ads
1419,Alfredo Ricardo Durán Sandoval,abrahamaguilera@example.net,Los Ríos,Panguipulli,Champions,2023-12-24,Google Ads
1420,Darling Cortés,monserrat25@example.com,Metropolitana,San Miguel,At Risk,2023-02-14,Email Marketing
1421,Alicia Elizabeth Galleguillos Marín,mariabravo@example.com,Metropolitana,Santiago,At Risk,2025-05-27,Google Ads
1422,Edwin Pacheco-Martínez,tomas13@example.net,Metropolitana,La Florida,Lost,2024-07-26,Google Ads
1423,Alex Pablo Mendoza Hernández,arancibiaisabel@example.net,Metropolitana,San Miguel,Potential,2025-02-24,Email Marketing
1424,Alexander Rodrigo Rebolledo Soto,morenopablo@example.org,Metropolitana,Estación Central,Lost,2024-01-26,Email Marketing
1425,Edith Maturana Chacón,luzcastro@example.net,La Araucanía,Victoria,Lost,2024-08-14,Orgánico
1426,María Andrea Pizarro Molina,luis28@example.com,Metropolitana,Providencia,New,2023-03-19,Facebook/Instagram
1427,Luis Meza,nflores@example.net,Valparaíso,San Antonio,Loyal,2024-12-23,Referido
1428,Florentina Edith Bustos Moyano,dzepeda@example.com,Los Ríos,Panguipulli,Champions,2023-05-21,Google Ads
1429,Angelo Miguel Gutiérrez Lorca,mpoblete@example.org,Maule,Curicó,Champions,2023-09-25,Orgánico
1430,María Tamara Valencia Fuentes,caceresmagdalena@example.net,Biobío,Concepción,Lost,2025-02-20,Google Ads
1431,Cristian Acuña,carredondo@example.org,Metropolitana,Vitacura,Champions,2024-06-19,Facebook/Instagram
1432,Victoria Maira Soto Ortiz,aguirreisabel@example.com,Biobío,Chiguayante,Loyal,2024-04-13,TikTok
1433,Sandra Karla Cerda Romero,walvarado@example.org,Valparaíso,San Antonio,Potential,2023-09-02,Email Marketing
1434,Felipe Nelson Barraza Mena,carriagada@example.org,Valparaíso,Quilpué,At Risk,2023-10-19,Referido
1435,Margarita Arriagada,catalina16@example.org,Metropolitana,Maipú,Loyal,2024-05-25,Google Ads
1436,Pedro Matías Zúñiga Araya,volivares@example.org,O'Higgins,Santa Cruz,Champions,2025-06-27,Facebook/Instagram
1437,José Tomás Salazar Azócar,rigobertocaceres@example.com,Valparaíso,Viña del Mar,Loyal,2024-03-23,TikTok
1438,Juan Oscar González Silva,diegocollao@example.org,Metropolitana,Quilicura,At Risk,2023-09-15,Referido
1439,Joaquín Rojas Concha,florenciagallardo@example.com,Metropolitana,Maipú,Loyal,2024-11-03,Facebook/Instagram
1440,Ignacio Araneda Fuentes,valenzuelayonathan@example.org,Valparaíso,Valparaíso,Loyal,2024-10-31,Google Ads
1441,Pabla Eloísa Cerda Melo,maximilianosalazar@example.com,Maule,Talca,New,2023-02-23,Facebook/Instagram
1442,Ulises Muñoz,toropetronila@example.net,La Araucanía,Padre Las Casas,At Risk,2024-01-25,Email Marketing
1443,Carlos Navarrete,mario21@example.org,Los Lagos,Puerto Montt,Lost,2025-02-09,TikTok
1444,Felipe Ariel Villegas Rojas,dhuerta@example.com,Metropolitana,Las Condes,Champions,2024-02-13,Email Marketing
1445,Amanda Karen Bustos Castro,tgonzalez@example.net,Valparaíso,San Antonio,Hibernating,2024-11-12,Email Marketing
1446,Amparo Rodríguez,armando07@example.com,Valparaíso,San Antonio,At Risk,2023-11-29,Google Ads
1447,Ignacio Juan Espinosa Donoso,benjamin38@example.org,Metropolitana,La Reina,Hibernating,2024-06-12,Facebook/Instagram
1448,Kevin Williams Rodríguez Soto,bravoviviana@example.com,Metropolitana,La Reina,Hibernating,2023-09-18,Referido
1449,Trinidad Sánchez Castro,delgadoaurelia@example.com,Los Lagos,Osorno,Loyal,2023-10-19,Facebook/Instagram
1450,Amparo Rosa Garrido Pérez,asepulveda@example.com,Metropolitana,Quilicura,Loyal,2024-10-26,Email Marketing
1451,Vanessa Dora Pérez Jiménez,correadario@example.com,Valparaíso,Quilpué,New,2023-10-04,Google Ads
1452,Marco Aldo Parraguez Abarca,edelmirazamora@example.com,Metropolitana,La Reina,Champions,2023-03-24,Orgánico
1453,Emily Alfaro,castillodaniela@example.org,Metropolitana,La Reina,Lost,2025-04-05,Orgánico
1454,Joaquín Oscar Garcés Álvarez,carlos39@example.org,Metropolitana,Estación Central,New,2025-01-07,Email Marketing
1455,Esteban Pedro Olmos Donoso,iriquelme@example.com,Coquimbo,Vicuña,Lost,2024-04-23,Google Ads
1456,Emilio Adrián Hernández González,zavalaclaudio@example.net,Maule,Curicó,Loyal,2023-05-28,Email Marketing
1457,Clementina Leslie Astudillo Donoso,cornejodiego@example.org,Coquimbo,Coquimbo,Champions,2023-03-12,TikTok
1458,Mauricio Caro Jara,lramos@example.org,Valparaíso,Quilpué,Loyal,2024-05-19,Orgánico
1459,Oscar Víctor Valenzuela Bernal,mariela26@example.net,Metropolitana,Vitacura,Potential,2023-07-17,Google Ads
1460,Natalia Cortés Valenzuela,nacevedo@example.org,Valparaíso,Quilpué,Champions,2025-06-14,Google Ads
1461,Pamela Sepúlveda,igonzalez@example.com,Valparaíso,Viña del Mar,New,2023-12-11,Email Marketing
1462,Karina Ximena Lizana Meneses,hparra@example.com,Maule,Linares,Lost,2023-03-16,Referido
1463,Priscila Ruiz Moya,mansillaguillermo@example.net,Metropolitana,Vitacura,Lost,2025-04-21,Orgánico
1464,Blas Francisco Castro Celis,avergara@example.com,Valparaíso,Quilpué,Lost,2023-03-30,Orgánico
1465,Mathias Cristóbal Domínguez-Riquelme Santibáñez,roberto37@example.net,Metropolitana,La Reina,Loyal,2023-05-18,TikTok
1466,José Fernández Sáez,carmencontreras@example.net,Metropolitana,Estación Central,At Risk,2024-07-23,TikTok
1467,Hans Saldivia-Pavez,hespinoza@example.com,La Araucanía,Victoria,At Risk,2024-04-07,Email Marketing
1468,Emilio González,ernestina24@example.net,Valparaíso,Villa Alemana,Champions,2023-01-19,Facebook/Instagram
1469,María Nicole Poblete González,mirandaana@example.com,Metropolitana,Quilicura,New,2024-01-19,Orgánico
1470,Rafael Marchant González,avalosliam@example.net,Metropolitana,Puente Alto,Loyal,2023-11-27,Google Ads
1471,Paloma Morales Saavedra,andrea31@example.net,Valparaíso,Quilpué,Hibernating,2024-07-10,Facebook/Instagram
1472,Ricardo Javier Parada Vega,mercedeszuniga@example.com,Los Lagos,Puerto Varas,Lost,2025-05-15,Email Marketing
1473,Otilia Irene Muñoz Astudillo,galvezsofia@example.org,O'Higgins,San Fernando,Loyal,2023-08-18,Referido
1474,Silvia Rubilar,josearellano@example.com,Coquimbo,La Serena,Champions,2024-08-08,Email Marketing
1475,Manuel Leonardo Astudillo Campos,arayaalba@example.net,Los Lagos,Osorno,At Risk,2023-04-23,Google Ads
1476,Patricia Rosa Arcos Chávez,lucianomanriquez@example.org,Metropolitana,Maipú,Lost,2024-02-14,Email Marketing
1477,Johana Marisol Sánchez Vidal,marcela00@example.org,La Araucanía,Temuco,New,2024-08-11,TikTok
1478,María Marisol Guajardo Ramírez,moralesjuan@example.net,Valparaíso,Quilpué,Loyal,2024-08-19,TikTok
1479,Patricio Juan Álvarez Castro,mtorres@example.net,Metropolitana,San Miguel,New,2025-06-23,Referido
1480,Henry Ruiz,emily24@example.com,Maule,Constitución,Hibernating,2025-05-05,Google Ads
1481,Pía Olga Silva Godoy,dsantander@example.org,Metropolitana,Puente Alto,At Risk,2025-02-27,Orgánico
1482,José Juan González Arancibia,lopezchristian@example.com,O'Higgins,San Fernando,Hibernating,2023-06-27,Email Marketing
1483,Jorge Guillermo Salinas Gatica,javierlopez@example.com,Valparaíso,Viña del Mar,New,2025-04-21,TikTok
1484,Juan Plaza Olguín,acostasilvana@example.net,Biobío,Los Ángeles,At Risk,2024-05-27,Google Ads
1485,Mateo Ortega Angulo,luis06@example.org,Biobío,Chiguayante,Lost,2023-08-20,Google Ads
1486,Alfredo Benjamín Escobar Barrera,sebastianarriagada@example.org,O'Higgins,Santa Cruz,At Risk,2023-04-08,Email Marketing
1487,Matías Astorga,rodrigohormazabal@example.org,Biobío,Concepción,At Risk,2024-05-26,TikTok
1488,María Camila Cea Godoy,arayafernando@example.org,Biobío,Chiguayante,Potential,2024-04-15,Orgánico
1489,Katherine Nancy Canales López,cristopher27@example.com,Metropolitana,Peñalolén,New,2024-04-18,Referido
1490,Ruth Camila Zúñiga Flores,madeleinealarcon@example.com,Valparaíso,Viña del Mar,Lost,2023-04-24,Google Ads
1491,Carlos Daniel Moraga Quezada,zunildacerda@example.net,Metropolitana,Peñalolén,Champions,2024-08-28,Google Ads
1492,Jorge José Solís Álvarez,sabinaceballos@example.net,La Araucanía,Padre Las Casas,At Risk,2023-08-18,Email Marketing
1493,Rigoberto Felipe Pereira Cornejo,tomassalgado@example.com,Valparaíso,Quilpué,At Risk,2025-04-19,Google Ads
1494,Juan Edward Rojas Riquelme,yesseniavaldivia@example.net,La Araucanía,Villarrica,Loyal,2024-01-03,Referido
1495,Sandra Tapia Fuentes,xleon@example.org,Metropolitana,Providencia,Lost,2025-03-12,Google Ads
1496,Patricio Esteban Caro Pinto,alejandro71@example.com,Metropolitana,Santiago,New,2024-09-07,Orgánico
1497,Richard Víctor Núñez San Martín,riquelmefrancisco@example.org,La Araucanía,Victoria,Lost,2024-03-21,Email Marketing
1498,Gloria Ceballos Figueroa,cpizarro@example.net,Metropolitana,Estación Central,Champions,2025-04-15,Google Ads
1499,Cristian Héctor Cortés Araya,sergiozarate@example.org,Metropolitana,Santiago,At Risk,2023-05-01,Referido
1500,Martín Manuel Flores Pereira,ramonabernal@example.net,Metropolitana,Peñalolén,At Risk,2023-09-04,Orgánico
1501,Eliana Figueroa Díaz,cristianahumada@example.org,Coquimbo,Vicuña,Loyal,2024-11-08,Email Marketing
1502,Gloria Poblete,rodrigo59@example.org,La Araucanía,Temuco,Loyal,2023-03-01,Referido
1503,Isidora Suárez,claudio19@example.net,Metropolitana,Quilicura,At Risk,2024-09-22,Email Marketing
1504,Ximena María Peña Ulloa,patriciadiaz@example.net,Metropolitana,Las Condes,Hibernating,2023-04-14,TikTok
1505,Herminia Marina Sanhueza Valdivia,jmorales@example.net,Metropolitana,La Reina,At Risk,2024-03-13,Referido
1506,Juan Sánchez,michaelmiranda@example.com,Los Lagos,Puerto Montt,Champions,2024-10-07,TikTok
1507,Dafne Javiera Ríos Córdova,paradaandrea@example.org,Biobío,Talcahuano,At Risk,2024-10-31,Referido
1508,Jacinto Héctor Pinto Zapata,daniel11@example.net,Metropolitana,Puente Alto,Potential,2024-06-17,Facebook/Instagram
1509,Laura Cáceres,jinostroza@example.com,Metropolitana,Macul,Loyal,2025-06-10,TikTok
1510,Luis David Olivares Loyola,perezolga@example.com,Metropolitana,Puente Alto,Champions,2023-03-13,Google Ads
1511,Luis Miguel Molina Flores,carcamomagali@example.net,Biobío,Talcahuano,Champions,2023-03-31,Orgánico
1512,Rodrigo Roberto Espinoza Díaz,christian57@example.org,Los Lagos,Ancud,At Risk,2024-04-10,Referido
1513,Valeska Muñoz-Parada Barraza,bgamboa@example.org,Metropolitana,Las Condes,At Risk,2023-06-07,TikTok
1514,Patricia Paula Villegas Rojas,rosa95@example.org,Metropolitana,Las Condes,Lost,2023-01-20,Email Marketing
1515,Rubén Pablo Alvarez Moreno,tiare05@example.net,Metropolitana,La Reina,Champions,2024-07-23,Orgánico
1516,Martina Soto,pduran@example.org,Coquimbo,Coquimbo,Hibernating,2025-03-22,TikTok
1517,Jennifer Jacqueline Pincheira Cabrera,carlos71@example.com,Metropolitana,Puente Alto,New,2025-04-03,Facebook/Instagram
1518,Cristopher Avelino Alarcón Verdugo,haravena@example.net,Los Lagos,Puerto Varas,Champions,2023-11-09,TikTok
1519,Felipe Cifuentes Paredes,ruthmunoz@example.org,Biobío,Chiguayante,Champions,2025-01-19,Email Marketing
1520,Maite Fuentes Peña,gajardojonathan@example.net,Metropolitana,Maipú,Lost,2024-02-17,Email Marketing
1521,Lukas José González Saldaña,jose23@example.net,Metropolitana,San Miguel,Champions,2023-09-08,Referido
1522,Celia Antonia Meza Guzmán,fcontreras@example.com,Metropolitana,Puente Alto,Loyal,2023-09-11,Email Marketing
1523,Vanessa Vidal,wretamales@example.org,Biobío,Hualpén,Loyal,2024-08-16,Google Ads
1524,Benjamín Cristóbal Oyarce Hernández,nzenteno@example.org,Los Lagos,Ancud,Champions,2023-12-08,Referido
1525,Mauricio Acevedo,angelo96@example.org,Biobío,Chiguayante,Hibernating,2024-02-22,Email Marketing
1526,Micaela Andrea Hidalgo González,cfuentealba@example.net,Valparaíso,Villa Alemana,At Risk,2023-12-31,TikTok
1527,Carmen Lucía Miranda-Pérez Núñez,jimenezmariela@example.com,Metropolitana,Estación Central,Loyal,2023-11-15,TikTok
1528,Johan Mendoza-Romero Núñez,anahi32@example.com,Coquimbo,Coquimbo,New,2025-06-04,Referido
1529,Fresia Agustina Meneses Ortega,sarahdiaz@example.net,Los Lagos,Osorno,Hibernating,2024-05-07,Orgánico
1530,Gonzalo Gustavo Castro Contreras,vsanchez@example.org,Metropolitana,Puente Alto,Champions,2025-05-13,Facebook/Instagram
1531,Elizabeth Maldonado Gutiérrez,gonzalezjusto@example.net,Coquimbo,Vicuña,Champions,2024-12-28,TikTok
1532,Víctor Luis Romero Carvajal,jose59@example.com,Biobío,Concepción,At Risk,2025-02-27,Google Ads
1533,Samuel Salazar,javieravillarroel@example.com,Biobío,Concepción,Champions,2024-04-14,Orgánico
1534,Juan Patricio Villanueva Cortés,edwin88@example.com,Los Lagos,Puerto Varas,New,2024-03-24,Email Marketing
1535,Gabriel Rivera Silva,maria59@example.org,Maule,Talca,Potential,2023-07-18,Facebook/Instagram
1536,Natalia Donoso Páez,saezcarmen@example.org,Biobío,Concepción,At Risk,2024-08-23,Email Marketing
1537,Robinson Luis Miranda Araneda,aliciaespinoza@example.net,Metropolitana,Puente Alto,Potential,2024-09-01,Referido
1538,Solange Ana González Martínez,xvega@example.com,Metropolitana,La Reina,At Risk,2023-02-12,Facebook/Instagram
1539,Isidora Mariela Sánchez Quispe,qsoto@example.net,Antofagasta,Taltal,Potential,2023-06-13,Orgánico
1540,María Aburto Muñoz,andreaarroyo@example.net,Metropolitana,Estación Central,At Risk,2023-03-11,Google Ads
1541,Yuri Tapia Osorio,ruthnavarro@example.net,Metropolitana,Vitacura,At Risk,2024-11-24,Orgánico
1542,Irene Rayén Valenzuela-Vargas Orellana,marion28@example.com,Valparaíso,San Antonio,Loyal,2023-07-11,Facebook/Instagram
1543,Oscar Abraham Soto Silva,sneira@example.org,Valparaíso,San Antonio,At Risk,2023-08-10,Email Marketing
1544,Jorge Juan Núñez Lorca,normarozas@example.org,Biobío,Talcahuano,Hibernating,2024-03-10,Email Marketing
1545,Claudio Juan Sánchez Mansilla,bascunanjorge@example.com,Antofagasta,Antofagasta,New,2023-10-09,Facebook/Instagram
1546,Nolberto Mora Peña,enriquetavalladares@example.com,Metropolitana,Las Condes,Hibernating,2023-10-03,Google Ads
1547,Marta Trinidad Espinoza Rojas,basilio32@example.org,Metropolitana,La Florida,Loyal,2023-05-24,Referido
1548,Héctor Alvarado,xmunoz@example.net,Metropolitana,Puente Alto,At Risk,2023-02-20,Referido
1549,María Yoselin Arredondo Jorquera,jgarces@example.com,O'Higgins,Rengo,Champions,2023-07-07,Orgánico
1550,Antonia Luciana Martínez Guerra,emilio38@example.org,Biobío,Concepción,Potential,2023-06-14,Orgánico
1551,Santiago Washington Contreras Ríos,juanherrera@example.com,Metropolitana,Macul,Loyal,2023-07-31,Email Marketing
1552,Agustin Bernardo Vidal Espinoza,ana09@example.net,Maule,Linares,At Risk,2023-04-23,Facebook/Instagram
1553,Hilda Teresa Muñoz Beltrán,mariacanales@example.net,O'Higgins,Pichilemu,Potential,2023-05-14,Google Ads
1554,Jorge Luis Ávila Vega,ocortes@example.net,Maule,Curicó,Potential,2023-07-06,Referido
1555,Jorge José Jiménez Cornejo,victor67@example.org,Antofagasta,Taltal,Loyal,2024-02-23,Orgánico
1556,Javier Acosta,gabriela49@example.org,Metropolitana,Puente Alto,Potential,2025-05-21,Email Marketing
1557,Sebastián Burgos Navarro,daniel27@example.net,Los Lagos,Puerto Montt,Lost,2025-03-01,Email Marketing
1558,Paola Galleguillos Valenzuela,victor54@example.com,Valparaíso,Valparaíso,At Risk,2023-12-03,Email Marketing
1559,Michael Meléndez,ulloanicole@example.org,Maule,Constitución,Potential,2024-11-25,Email Marketing
1560,Pedro Araya González,rolandocofre@example.net,La Araucanía,Angol,New,2024-06-14,Referido
1561,Estefany Nicole Oñate Castro,carla78@example.com,Los Lagos,Osorno,At Risk,2023-07-06,Facebook/Instagram
1562,Magdalena Mendoza,veronicasegovia@example.com,Biobío,Hualpén,At Risk,2024-04-23,TikTok
1563,Reinaldo Sebastián Cárdenas Barriga,lsantana@example.com,Metropolitana,Peñalolén,New,2024-09-11,Orgánico
1564,Juan Francisco Figueroa Urzúa,lorenzovargas@example.net,Valparaíso,Quilpué,Loyal,2024-06-08,Orgánico
1565,Elizabeth Loyola,vicentesaldias@example.org,Los Ríos,La Unión,At Risk,2023-08-02,TikTok
1566,Nelson Fernando Villanueva Espinoza,rojascristobal@example.com,Antofagasta,Tocopilla,Loyal,2025-05-04,Referido
1567,Soledad Antonia Díaz Guevara,burgospatricio@example.net,Metropolitana,La Reina,Champions,2025-04-16,Email Marketing
1568,Angelina Verónica Morales Pizarro,lorena60@example.org,Metropolitana,Estación Central,At Risk,2024-06-13,Facebook/Instagram
1569,Patricio Jorge Muñoz-Sepúlveda Abarca,zgutierrez@example.net,Metropolitana,Providencia,Loyal,2024-11-18,Referido
1570,Carolina Marcela Neira Burgos,moliva@example.org,La Araucanía,Villarrica,Potential,2025-03-14,Orgánico
1571,Agustina Nancy Santibáñez Ríos,josegonzalez@example.org,Maule,Curicó,Loyal,2023-02-08,Referido
1572,Alexander Cristian García Jorquera,jgarcia@example.com,Metropolitana,Ñuñoa,Lost,2023-09-27,Email Marketing
1573,Gloria Mónica Alarcón Céspedes,lopezdania@example.com,Valparaíso,Viña del Mar,Loyal,2024-06-03,Referido
1574,Osvaldo Luis Córdova Palacios,edisonmunoz@example.org,Maule,Curicó,Champions,2025-04-16,TikTok
1575,Samuel Wladimir Alvarado Díaz,osoto@example.org,La Araucanía,Villarrica,At Risk,2023-07-30,Google Ads
1576,Ana Bernardita Orellana Contreras,castroluis@example.com,Valparaíso,Viña del Mar,Hibernating,2023-06-18,Email Marketing
1577,Grace Fernanda Araya Rosas,ksoto@example.com,Biobío,Concepción,Lost,2023-05-25,Orgánico
1578,Sebastián Hernández,aquintanilla@example.com,Valparaíso,Villa Alemana,Champions,2024-06-21,Email Marketing
1579,Juan Meza,perezclaudio@example.com,Metropolitana,Estación Central,Champions,2023-12-09,Email Marketing
1580,Margarita Valenzuela Castro,gcarrasco@example.com,Biobío,Hualpén,Loyal,2023-03-26,Facebook/Instagram
1581,María Osorio Marchant,roxanarivera@example.com,La Araucanía,Angol,Champions,2025-04-06,Email Marketing
1582,Guillermo Marín Guerrero,judith63@example.com,O'Higgins,Santa Cruz,At Risk,2024-03-01,Google Ads
1583,Héctor Vicente Parraguez Lillo,umiranda@example.net,Biobío,Los Ángeles,Champions,2024-08-13,Facebook/Instagram
1584,Gustavo José Moreno Castro,federicoaguilera@example.com,Los Lagos,Ancud,Loyal,2025-01-06,Google Ads
1585,Ruth Gallegos Jofré,diego00@example.com,Metropolitana,Lo Barnechea,At Risk,2024-10-02,Referido
1586,Luis Octavio Riquelme Norambuena,martina41@example.net,Valparaíso,San Antonio,Hibernating,2023-09-30,Orgánico
1587,Margarita Karla Madariaga Trujillo,nvasquez@example.com,Metropolitana,Puente Alto,Lost,2025-01-20,TikTok
1588,Patricia Rosa Galaz Ahumada,diegotapia@example.org,Metropolitana,Vitacura,Lost,2023-05-22,Orgánico
1589,Jenifer Elizabeth Henríquez Suárez,gperez@example.net,La Araucanía,Angol,Loyal,2023-06-21,Facebook/Instagram
1590,Jennifer Sánchez,bustamantericardo@example.com,Los Ríos,Valdivia,Loyal,2024-10-29,TikTok
1591,Andrea Gabriela Muñoz Sepúlveda,jose24@example.net,Metropolitana,Peñalolén,Hibernating,2024-02-14,Orgánico
1592,Matías Cristopher Cifuentes Montecinos,ruthcoronado@example.org,Valparaíso,San Antonio,At Risk,2023-10-12,Facebook/Instagram
1593,Eladio Maximiliano González Aravena,leonardo49@example.com,Maule,Linares,Loyal,2023-08-30,Google Ads
1594,Patricia Nicole Pérez Quijada,sandra20@example.org,Metropolitana,Peñalolén,Loyal,2024-05-25,Facebook/Instagram
1595,Paulina Camila Barría Gálvez,benjaminvaldes@example.org,Biobío,Hualpén,Potential,2025-02-09,Referido
1596,Antonio Paulo Velásquez Maldonado,moises77@example.org,La Araucanía,Villarrica,At Risk,2025-03-15,Facebook/Instagram
1597,Alexander Vivanco Rivera,ucarreno@example.com,Biobío,Chiguayante,Loyal,2023-05-28,Referido
1598,Johana María Mancilla Ossandón,nalarcon@example.net,Metropolitana,Santiago,New,2024-02-17,Email Marketing
1599,Leandro Humberto Sandoval Vidal,ernestina86@example.com,Metropolitana,Estación Central,Lost,2025-04-03,Orgánico
1600,María Ibarra Caro,jgomez@example.net,Los Lagos,Osorno,Potential,2025-02-01,Email Marketing
1601,Sara Álvarez,cabreraximena@example.net,Biobío,Hualpén,Champions,2024-08-26,Google Ads
1602,Andrea Corina Sandoval Bahamonde,pdonoso@example.net,Metropolitana,Macul,Champions,2025-04-26,Google Ads
1603,Jesús Francisco Ibarra Herrera,silvaliam@example.com,Los Lagos,Puerto Montt,Champions,2023-10-08,Google Ads
1604,Alexander Guerra Castillo,ramosarnoldo@example.net,Metropolitana,Santiago,Champions,2025-02-21,TikTok
1605,Raquel María Órdenes Muñoz,miguelastudillo@example.com,Los Lagos,Castro,Loyal,2023-01-28,Referido
1606,Katherine Mamani Flores,rebolledodenisse@example.net,Metropolitana,La Reina,Champions,2023-01-17,Email Marketing
1607,Noah Víctor Araneda Ávalos,diazjose@example.com,Coquimbo,La Serena,Champions,2023-05-25,TikTok
1608,Manuel Jorge Peña Cid,dbarriga@example.org,Metropolitana,Ñuñoa,Potential,2024-01-12,Facebook/Instagram
1609,Eloísa Zulema Opazo Vega,penadaniela@example.org,Metropolitana,San Miguel,At Risk,2023-08-13,Orgánico
1610,Luis Matías Gutiérrez Valencia,ugonzalez@example.com,Metropolitana,Maipú,At Risk,2023-06-01,Facebook/Instagram
1611,Mario Vergara Cubillos,adriana89@example.org,Metropolitana,La Reina,Loyal,2025-06-06,Email Marketing
1612,Bastián Sepúlveda Sánchez,berrioscamila@example.net,O'Higgins,Pichilemu,Lost,2025-04-13,Facebook/Instagram
1613,Carlos Francisco Pérez Mejías,uribeeduardo@example.net,Los Ríos,Valdivia,Loyal,2025-05-01,Facebook/Instagram
1614,María Leyla Márquez González,silvia40@example.org,Metropolitana,Peñalolén,Loyal,2024-04-23,Google Ads
1615,María Maureira,dpaz@example.org,Valparaíso,San Antonio,Loyal,2023-09-09,Google Ads
1616,Rosa Gajardo-Contreras,paredesfelipe@example.com,La Araucanía,Villarrica,At Risk,2023-07-15,Facebook/Instagram
1617,Fernanda Moreno,ycruces@example.net,O'Higgins,Rengo,Potential,2025-06-12,Referido
1618,Juan Patricio Rodríguez Álvarez,pgomez@example.com,Biobío,Hualpén,At Risk,2023-09-21,Orgánico
1619,Emerson Espinoza Gutiérrez,francisco73@example.org,Metropolitana,La Florida,Lost,2023-06-04,Referido
1620,Amanda Doris Bahamonde Álvarez,victor73@example.org,Valparaíso,Viña del Mar,Champions,2025-05-10,Google Ads
1621,Carlos Felipe Torres Matamala,sanchezmaria@example.org,La Araucanía,Villarrica,Champions,2024-08-01,Referido
1622,María Johanna Valdés Contreras,videlasofia@example.org,Metropolitana,Peñalolén,At Risk,2024-03-15,Referido
1623,Jonathan Montenegro Quiroz,rosario58@example.net,Biobío,Concepción,At Risk,2024-04-06,Orgánico
1624,Rosario Antonia Aedo Lara,jorgecaro@example.org,Metropolitana,Ñuñoa,Lost,2023-08-07,Facebook/Instagram
1625,Alice Elvira Villar Cabrera,marcelo35@example.com,Los Lagos,Castro,At Risk,2024-12-25,TikTok
1626,Karina Castro Arriagada,sgonzalez@example.com,Metropolitana,San Miguel,Potential,2023-05-23,Referido
1627,Barbara Isabel Romero Cisternas,sofia69@example.net,Biobío,Hualpén,Loyal,2023-02-26,Facebook/Instagram
1628,Juan Zapata Tapia,ucortez@example.net,Valparaíso,San Antonio,Potential,2023-02-12,Referido
1629,Alejandro Lagos,lorena86@example.com,Biobío,Talcahuano,New,2024-03-07,Orgánico
1630,María Bustos Rebolledo,gustavogutierrez@example.org,Metropolitana,Ñuñoa,Hibernating,2024-10-02,TikTok
1631,Elvis Fernández Parra,daniel06@example.net,Biobío,Concepción,At Risk,2025-06-05,Google Ads
1632,María González,znunez@example.com,Biobío,Concepción,At Risk,2023-03-11,Orgánico
1633,Jaime Luna,srivas@example.org,Biobío,Hualpén,Lost,2024-05-16,Email Marketing
1634,Doris Farías Sánchez,emilia17@example.com,Biobío,Hualpén,Lost,2023-09-13,Email Marketing
1635,Camila Méndez,munozisrael@example.org,La Araucanía,Temuco,Potential,2023-07-04,Orgánico
1636,María Rosario Cifuentes Palma,jofremario@example.org,Maule,Curicó,Lost,2025-03-04,Orgánico
1637,Juan Germán Peralta Orellana,agustinadiaz@example.net,Metropolitana,Quilicura,Loyal,2024-10-22,Referido
1638,Germán Muñoz,luissoto@example.net,Maule,Curicó,At Risk,2023-10-18,TikTok
1639,Luisa Verónica Romero León,alexandergutierrez@example.org,Valparaíso,Viña del Mar,Loyal,2023-05-10,Google Ads
1640,Elizabeth Mónica Contreras González,eva09@example.com,Metropolitana,Santiago,Potential,2023-01-24,Orgánico
1641,María Antonella Mena Guerrero,iahumada@example.com,Metropolitana,Maipú,At Risk,2023-10-31,Facebook/Instagram
1642,Mariana Cristina Pardo Poblete,victor13@example.org,Metropolitana,Vitacura,Hibernating,2024-04-10,Email Marketing
1643,Daniela Arellano Neira,mariapizarro@example.net,Los Lagos,Ancud,At Risk,2024-01-23,Referido
1644,María Adriana Donoso Cabello,juansepulveda@example.com,La Araucanía,Victoria,Potential,2024-07-01,Google Ads
1645,Lourdes Vega,catalanbenjamin@example.com,Los Lagos,Puerto Varas,Champions,2023-12-10,TikTok
1646,Matías Juan Torres Tapia,encinaana@example.org,Valparaíso,San Antonio,At Risk,2024-07-17,Referido
1647,Bernardo Luis Gutiérrez Céspedes,fgatica@example.net,Valparaíso,San Antonio,Champions,2024-05-25,Facebook/Instagram
1648,Facundo Mariano Jara González,tapiaguillermo@example.net,Metropolitana,Vitacura,Hibernating,2024-06-10,Email Marketing
1649,Sebastián Ignacio Osorio Figueroa,durandaniela@example.org,Metropolitana,Providencia,Champions,2024-10-08,Referido
1650,Yeison Díaz Contreras,zfuenzalida@example.com,Valparaíso,Villa Alemana,At Risk,2024-08-31,Facebook/Instagram
1651,Rosa Claudia Molina Hermosilla,alejandro04@example.net,Metropolitana,Las Condes,Loyal,2023-08-05,Orgánico
1652,Carolina Claudia Fuentes González,eliana38@example.net,Metropolitana,Lo Barnechea,Champions,2024-02-08,Google Ads
1653,David Toro,rodriguezpaulo@example.net,Biobío,Hualpén,Loyal,2025-05-21,Email Marketing
1654,Alfredo Alejandro Valenzuela Tapia,anagomez@example.net,La Araucanía,Angol,Loyal,2024-11-09,Referido
1655,Liliana Bruna Castro,rzenteno@example.org,Los Ríos,Río Bueno,Champions,2023-04-29,Facebook/Instagram
1656,Catalina Aravena Toro,godoyluis@example.net,Antofagasta,Antofagasta,At Risk,2024-04-15,Email Marketing
1657,Carlos Angulo Catalán,kalvarez@example.net,Biobío,Hualpén,Potential,2024-12-05,Email Marketing
1658,Álvaro Facundo Sánchez Vergara,guillermo97@example.com,Valparaíso,Viña del Mar,New,2024-01-08,Google Ads
1659,María Rojas,farias@example.com,Biobío,Hualpén,Hibernating,2023-08-14,Referido
1660,Abelardo Sergio Erices Cabello,katherine86@example.net,Los Lagos,Puerto Montt,New,2024-01-25,Referido
1661,Enrique Lucas Bravo Peralta,hriquelme@example.com,Metropolitana,La Reina,Lost,2023-04-17,Email Marketing
1662,Maximiliano Luis Gajardo Fuentealba,fernandosantibanez@example.com,Valparaíso,Quilpué,Loyal,2024-07-13,Facebook/Instagram
1663,Marina Estela Venegas González,azapata@example.com,Maule,Constitución,Lost,2025-06-01,Facebook/Instagram
1664,Carol María Arellano Ruiz,carlos95@example.com,Metropolitana,Estación Central,At Risk,2024-12-31,Orgánico
1665,Rosa Ibáñez,rcastillo@example.org,Biobío,Chiguayante,Hibernating,2024-02-23,Orgánico
1666,Sofía Hernández Espinoza,lbrito@example.net,Biobío,Los Ángeles,At Risk,2023-02-14,Referido
1667,Edith Marisol Ávila Elgueta,xdiaz@example.com,Metropolitana,Peñalolén,Potential,2025-02-23,Referido
1668,Priscila Nora Álvarez Ramírez,sjimenez@example.com,Metropolitana,Las Condes,Champions,2023-07-22,Google Ads
1669,Ester Zulema Hernández Fuentes,edith91@example.org,Metropolitana,La Reina,Lost,2024-07-14,Orgánico
1670,Juana Cares,rodriguezdiego@example.net,Metropolitana,Providencia,At Risk,2024-06-12,Facebook/Instagram
1671,Solange Mamani,hmorales@example.org,Metropolitana,Macul,New,2025-04-19,Referido
1672,Rosa Salas Salas,marchantariela@example.org,Maule,Curicó,Champions,2025-05-17,Orgánico
1673,Nancy Torres Miranda,vvera@example.com,Metropolitana,Vitacura,At Risk,2024-01-29,Google Ads
1674,Oscar Contreras Luna,dmolina@example.com,Valparaíso,Quilpué,Loyal,2024-04-17,Referido
1675,Felipe Mansilla,evelin99@example.net,Metropolitana,Vitacura,New,2024-05-07,TikTok
1676,José Cristóbal Parada Quintanilla,andrea84@example.net,Antofagasta,Tocopilla,Lost,2024-08-08,Orgánico
1677,Jean Juan Salazar Molina,cristian23@example.net,Metropolitana,Santiago,At Risk,2024-08-06,Orgánico
1678,Camila Jacqueline González Muñoz,claudiolopez@example.org,Valparaíso,Villa Alemana,Champions,2023-02-28,Orgánico
1679,Gladys Ponce Barriga,pedro15@example.org,O'Higgins,San Fernando,New,2025-05-11,Google Ads
1680,Marco González Rodríguez,faguayo@example.com,Maule,Linares,Loyal,2024-08-06,Referido
1681,Agustina Elsa Cancino Vergara,gonzaloruiz@example.net,Metropolitana,Providencia,At Risk,2024-08-11,TikTok
1682,María Bello,espinozasergio@example.net,Maule,Cauquenes,Loyal,2023-09-20,Google Ads
1683,Flor Morales,emiliocifuentes@example.com,Valparaíso,Valparaíso,Hibernating,2023-02-09,Google Ads
1684,Raquel Rodríguez Reyes,moralesmaria@example.org,Valparaíso,Valparaíso,Champions,2024-01-07,Email Marketing
1685,Marco Avilés Sepúlveda,sahumada@example.org,Metropolitana,Ñuñoa,Loyal,2025-05-18,Referido
1686,Paulina Rojas Bahamondes,ntapia@example.net,Metropolitana,La Florida,Lost,2024-01-14,Facebook/Instagram
1687,Carmen Génesis Muñoz Pinto,alejandradiaz@example.net,La Araucanía,Temuco,At Risk,2025-06-06,TikTok
1688,Vicente Flores,gonzalezcamila@example.net,Valparaíso,San Antonio,Loyal,2025-06-17,Orgánico
1689,Alfredo Vicente Villegas Vidal,segundoalmonacid@example.net,Valparaíso,Quilpué,New,2023-06-11,Google Ads
1690,Ramón Agurto Hernández,francesca21@example.net,La Araucanía,Temuco,At Risk,2024-11-23,TikTok
1691,Flor Pamela Álvarez Sepúlveda,pizarrodolores@example.com,Los Lagos,Puerto Montt,Lost,2025-05-29,Google Ads
1692,Christopher Mendoza,victorguerra@example.net,Metropolitana,Maipú,Champions,2023-07-26,Orgánico
1693,Alicia Samantha Rojas Tapia,navarretevictoria@example.net,Biobío,Chiguayante,At Risk,2023-05-21,Email Marketing
1694,Luisa Valeria Sánchez Velásquez,eonate@example.org,Metropolitana,Lo Barnechea,Potential,2023-11-06,Google Ads
1695,Angélica Hernández Medina,vorellana@example.org,Los Lagos,Puerto Montt,Loyal,2025-05-11,Email Marketing
1696,Cristina Florencia Alarcón Silva,patricio60@example.net,Biobío,Hualpén,Lost,2023-07-07,TikTok
1697,Segundo Cornejo Silva,viviana73@example.com,Coquimbo,Ovalle,Loyal,2023-03-05,Orgánico
1698,Andy Pastén Pizarro,hectorrivera@example.com,Metropolitana,Vitacura,Lost,2024-02-28,Orgánico
1699,Roberto Luis Valdebenito Jorquera,denisse34@example.org,Metropolitana,Maipú,At Risk,2024-12-23,TikTok
1700,Luis Israel Núñez Martínez,cesaracevedo@example.net,Metropolitana,Maipú,New,2024-05-06,TikTok
1701,Emilia Guerra Paredes,juangaray@example.com,Metropolitana,La Reina,New,2024-12-27,Orgánico
1702,Jaime Vicente Vera Silva,armin34@example.net,Metropolitana,Ñuñoa,Hibernating,2023-01-18,Facebook/Instagram
1703,Sofía Briones,joaquinfredes@example.org,O'Higgins,Pichilemu,Champions,2023-10-19,Referido
1704,Alicia Martina Lagos Ceballos,xfernandez@example.net,Metropolitana,Las Condes,Loyal,2023-12-02,TikTok
1705,Rodrigo Soto,alvaro91@example.net,Metropolitana,Macul,Champions,2024-08-16,Google Ads
1706,Paz Zepeda Fuentes,scarreno@example.net,Los Lagos,Puerto Montt,Hibernating,2025-06-19,Referido
1707,Catalina Claudia Moreno Henríquez,maria42@example.org,Valparaíso,San Antonio,Champions,2023-01-24,Facebook/Instagram
1708,Alan Juan Guzmán Henríquez,juanaguero@example.net,Los Lagos,Puerto Varas,Champions,2024-05-25,Google Ads
1709,Juan Thomas Retamal Sanhueza,camilaaranda@example.org,Metropolitana,La Reina,Lost,2023-10-27,Facebook/Instagram
1710,Javiera Amanda Jorquera Jara,yvalencia@example.com,Valparaíso,Villa Alemana,New,2025-03-03,Facebook/Instagram
1711,Bernardo José Álvarez Cortés,mariadiaz@example.com,Metropolitana,Peñalolén,At Risk,2025-04-27,Email Marketing
1712,Silvana Torres,maldonadosonia@example.org,Metropolitana,La Reina,Champions,2025-06-16,Google Ads
1713,Luis Araya,zavalapedro@example.org,O'Higgins,Pichilemu,Loyal,2023-10-20,Email Marketing
1714,Gino Joaquín Ferrada Hermosilla,cmorales@example.net,Metropolitana,Las Condes,Champions,2023-10-10,TikTok
1715,Margarita Veloso,emacastaneda@example.org,Valparaíso,Viña del Mar,Hibernating,2024-01-15,Orgánico
1716,Vicente Emilio Jaramillo Ojeda,ricardo11@example.net,Valparaíso,Quilpué,Champions,2025-05-18,Email Marketing
1717,Abigail Jofré,ldiaz@example.com,Metropolitana,Macul,At Risk,2024-01-31,Orgánico
1718,María Calderón,hrodriguez@example.com,O'Higgins,Rengo,Lost,2024-06-24,Referido
1719,María Nilda Pérez Rojas,barbara31@example.org,Metropolitana,San Miguel,At Risk,2023-08-09,Referido
1720,Daniela Soto Navarro,villegasjose@example.net,Biobío,Talcahuano,Loyal,2025-04-10,Email Marketing
1721,Samuel Campos-Contreras,csanhueza@example.com,Coquimbo,Illapel,Champions,2024-01-16,TikTok
1722,Julia Carmen Gatica Lizana,lopezricardo@example.com,Biobío,Concepción,Lost,2024-04-06,Email Marketing
1723,Carlos Leonel Peralta Varas,cristinahernandez@example.com,Antofagasta,Antofagasta,Champions,2025-02-14,Google Ads
1724,Roberto Díaz,sebastianlagos@example.org,Metropolitana,Las Condes,New,2023-09-28,Google Ads
1725,Gabriel Héctor Parra Córdova,floresbeatriz@example.com,Valparaíso,Viña del Mar,Champions,2024-02-17,Orgánico
1726,Gloria Amelia Jorquera Pereira,vhernandez@example.net,Metropolitana,San Miguel,Hibernating,2025-04-03,Referido
1727,Valentina María Bravo Casanova,yponce@example.com,La Araucanía,Victoria,Hibernating,2024-07-26,Email Marketing
1728,Catalina Fernanda Vega Campos,hidalgorafael@example.com,Los Ríos,Panguipulli,At Risk,2025-06-16,Orgánico
1729,Catalina Agüero Mamani,ycontreras@example.com,Metropolitana,Peñalolén,Champions,2025-04-01,TikTok
1730,Karina Vásquez Silva,dzuniga@example.org,Biobío,Talcahuano,Loyal,2025-01-21,TikTok
1731,Lucas Raimundo Aravena Ruiz,scarlet20@example.net,Metropolitana,Quilicura,Loyal,2023-02-14,Orgánico
1732,Mery María Rojas Canales,ismaelcastillo@example.net,Biobío,Concepción,At Risk,2024-12-05,Facebook/Instagram
1733,Mauricio Gutiérrez,finostroza@example.com,Valparaíso,Villa Alemana,Champions,2023-10-10,Facebook/Instagram
1734,Carmen Martina Baeza Sandoval,contrerasantonia@example.net,Coquimbo,La Serena,Lost,2023-06-28,Email Marketing
1735,Carlos Mario Oyarce Lillo,valdiviaerica@example.org,Biobío,Concepción,New,2024-07-05,TikTok
1736,Martina Fernández Silva,balvarez@example.com,Metropolitana,La Florida,At Risk,2024-02-29,Orgánico
1737,Benjamín Sepúlveda Castillo,josemelo@example.com,Metropolitana,La Reina,New,2023-01-06,Orgánico
1738,Pamela Bahamondes Quezada,bgomez@example.org,Metropolitana,Ñuñoa,Champions,2023-09-09,Email Marketing
1739,María Francisca Mamani Henríquez,pedroalvarado@example.com,Metropolitana,Ñuñoa,At Risk,2025-03-04,Email Marketing
1740,Andrea Vilma Dinamarca Arriagada,anyelo00@example.net,Metropolitana,Peñalolén,New,2023-05-08,TikTok
1741,Doris Ruiz,fariasvicente@example.org,Maule,Constitución,New,2024-09-04,TikTok
1742,Roxana Gloria Zúñiga Contreras,lvidal@example.com,Biobío,Concepción,Loyal,2024-02-15,TikTok
1743,María Renata Carreño Becerra,claudia76@example.net,Valparaíso,Villa Alemana,Potential,2024-08-09,TikTok
1744,Verónica Concha García,kibanez@example.net,Metropolitana,Quilicura,At Risk,2024-09-02,Orgánico
1745,Kimberly Díaz,vegajose@example.com,O'Higgins,San Fernando,Lost,2023-10-16,Email Marketing
1746,Leonardo Braulio Herrera Meza,figueroamarcelo@example.org,La Araucanía,Villarrica,At Risk,2023-04-05,TikTok
1747,Alexis Vallejos Manríquez,ibarramartin@example.com,Metropolitana,Peñalolén,Lost,2023-02-09,Referido
1748,Alicia Páez Aravena,ianriquelme@example.org,La Araucanía,Villarrica,New,2024-05-20,Email Marketing
1749,Ana Soledad Parra Jorquera,gonzalezrodrigo@example.com,Valparaíso,Quilpué,Loyal,2023-04-07,Facebook/Instagram
1750,Carlos Contreras Andrade,ruth79@example.org,Metropolitana,San Miguel,At Risk,2023-01-24,Referido
1751,Marcelo José Contreras Zamora,valenciaclaudia@example.com,Valparaíso,Quilpué,Champions,2024-09-02,Email Marketing
1752,Mia Marcia Ramos Zamora,rojasamador@example.org,Valparaíso,San Antonio,At Risk,2025-06-27,Google Ads
1753,Pamela Zapata,estrellaflores@example.com,Metropolitana,La Reina,Loyal,2023-11-19,TikTok
1754,Paz Ferrada Oyarzo,gonzalezmariana@example.com,Antofagasta,Mejillones,Hibernating,2025-04-16,Referido
1755,Cristóbal Jorge Coronado Martínez,nicolesaavedra@example.org,Maule,Talca,Champions,2025-04-28,TikTok
1756,María Arévalo Fuentes,miaolivares@example.net,Biobío,Chiguayante,Lost,2023-04-10,Email Marketing
1757,René Roberto Urrutia Araya,wgomez@example.com,Valparaíso,Viña del Mar,Loyal,2023-02-25,Facebook/Instagram
1758,Alejandro Arancibia,ysilva@example.net,Valparaíso,Viña del Mar,At Risk,2023-03-11,Google Ads
1759,Miriam Cárdenas,ttorres@example.org,Biobío,Concepción,Loyal,2025-06-15,TikTok
1760,Mauricio Aguirre,mariahenriquez@example.com,Valparaíso,San Antonio,Potential,2024-02-09,Email Marketing
1761,Rubén Marcelo Lobos Toledo,karla18@example.com,Metropolitana,Quilicura,Lost,2024-08-29,Email Marketing
1762,María Paulina Vidal Jara,umarchant@example.com,Valparaíso,Valparaíso,Loyal,2023-12-20,Referido
1763,Juan Venegas Sepúlveda,marco60@example.com,Maule,Curicó,Potential,2023-04-20,Facebook/Instagram
1764,Emilia María Vargas Lillo,anaismunoz@example.com,Valparaíso,San Antonio,At Risk,2023-10-20,Google Ads
1765,Alejandra Oyarzún Aguilera,cristobal34@example.com,Metropolitana,Lo Barnechea,Champions,2025-01-18,Facebook/Instagram
1766,Alicia Aros Vargas,amandaacosta@example.com,Los Lagos,Puerto Varas,Loyal,2023-04-28,Email Marketing
1767,Javier Jara,cmiranda@example.org,Metropolitana,Macul,At Risk,2024-11-02,Orgánico
1768,Rocío Cisternas,galvezester@example.com,Metropolitana,Lo Barnechea,New,2025-06-03,Referido
1769,Sergio Bruno Astorga González,icastro@example.net,Metropolitana,Estación Central,Hibernating,2023-08-29,TikTok
1770,Paola Leal,elianlagos@example.com,Metropolitana,Estación Central,Champions,2024-06-17,Orgánico
1771,Olga Adela Zavala Parra,hugoojeda@example.org,Los Lagos,Castro,Potential,2023-02-21,Orgánico
1772,Benito Ignacio Cerda Sandoval,angelicacastillo@example.net,Valparaíso,San Antonio,Champions,2024-01-03,Referido
1773,Martina Aylin Aguilera Bustamante,xparra@example.net,Metropolitana,Las Condes,Loyal,2024-08-20,Facebook/Instagram
1774,Robinson Muñoz Arancibia,caceresorlando@example.org,O'Higgins,Santa Cruz,Champions,2024-03-14,Referido
1775,Juan Ricardo Rojas Mora,alarconrodrigo@example.org,O'Higgins,Rancagua,Champions,2023-05-13,Google Ads
1776,Catalina Carol Navarro Quijada,yleal@example.net,O'Higgins,Rengo,At Risk,2025-04-13,Orgánico
1777,Valeria Marta Ayala Medina,fernanda76@example.net,Metropolitana,San Miguel,Loyal,2025-02-25,Referido
1778,Jessica Sofía Vidal Rebolledo,qcastillo@example.org,Valparaíso,San Antonio,Lost,2024-12-04,Orgánico
1779,Teresa Paola Acevedo Cárdenas,castudillo@example.net,Los Ríos,Corral,Champions,2023-12-09,Google Ads
1780,Luis Alexander Villarroel Ramírez,vnunez@example.com,Los Lagos,Osorno,Loyal,2024-10-09,Google Ads
1781,Carmen Mancilla,bbarahona@example.net,Metropolitana,Macul,Lost,2024-11-08,Referido
1782,Victoria Quinteros Alvear,luis46@example.net,Metropolitana,Lo Barnechea,At Risk,2024-11-29,Email Marketing
1783,Rosa Cerda González,xaranguiz@example.com,Valparaíso,Valparaíso,Lost,2023-04-08,Google Ads
1784,Rosa Alvarado Jerez,wbarros@example.org,O'Higgins,Santa Cruz,New,2024-11-26,Google Ads
1785,María Zúñiga Mansilla,jamesrodriguez@example.org,Valparaíso,Valparaíso,At Risk,2024-08-13,Referido
1786,Jerónimo Felipe Navarrete Romero,abel74@example.com,Valparaíso,Valparaíso,Loyal,2025-03-07,Email Marketing
1787,Santiago Oscar Marchant Cabello,miriam04@example.com,Metropolitana,Providencia,Potential,2023-04-03,Referido
1788,Paula Navarro Ortiz,fernando45@example.net,Biobío,Talcahuano,At Risk,2023-05-24,Google Ads
1789,Juana Leal,karenespinoza@example.net,Maule,Curicó,Potential,2025-01-25,Referido
1790,Juan Rodrigo Silva Rojo,maria48@example.org,Metropolitana,Peñalolén,Lost,2023-08-02,Google Ads
1791,Humberto Villarroel,catalina78@example.org,Los Lagos,Ancud,Lost,2023-07-13,Google Ads
1792,Katherine Ninoska Aguayo Pizarro,ronald75@example.com,Coquimbo,Ovalle,New,2023-05-22,Referido
1793,Inés Millaray Martínez Jiménez,carololiva@example.com,Metropolitana,Quilicura,At Risk,2025-02-07,Email Marketing
1794,Rosa Agustina Alfaro Zamora,mariana44@example.org,Valparaíso,Villa Alemana,Lost,2024-01-17,Referido
1795,Elisa Céspedes,herrerasofia@example.org,Metropolitana,Ñuñoa,Potential,2024-07-06,Facebook/Instagram
1796,Valentina Pavez Fuenzalida,maria69@example.com,Los Lagos,Puerto Montt,New,2025-03-10,Facebook/Instagram
1797,Rocío Florencia Barra León,sergio33@example.net,Biobío,Chiguayante,Loyal,2024-10-11,Email Marketing
1798,Rodrigo Federico Escobar Cerda,gastoncortes@example.org,Biobío,Hualpén,At Risk,2023-12-29,Email Marketing
1799,Raúl Briones,venegasmaricel@example.com,Los Lagos,Puerto Montt,Loyal,2024-04-11,Google Ads
1800,Franco Marco Toro Poblete,san-martinluis@example.net,Metropolitana,Maipú,Potential,2023-09-15,Google Ads
1801,Jean Camilo Donoso Cabezas,jacobsoto@example.org,Antofagasta,Antofagasta,Loyal,2025-02-25,Orgánico
1802,Daniela Neira Cárdenas,aliciacastro@example.net,Valparaíso,Viña del Mar,Loyal,2024-10-21,Email Marketing
1803,Pablo Luis Galaz-Acuña Cuevas,josecastillo@example.com,Metropolitana,Estación Central,Loyal,2023-10-14,Facebook/Instagram
1804,Olga Salinas Montenegro,ximena97@example.com,La Araucanía,Temuco,Hibernating,2025-06-22,Facebook/Instagram
1805,Rodrigo Bryan Araya Robles,rivassimon@example.net,Los Lagos,Puerto Montt,At Risk,2023-10-31,Facebook/Instagram
1806,Jerónimo Miguel Guerra Vega,martineznicolas@example.com,Metropolitana,La Reina,Loyal,2024-01-09,Google Ads
1807,Juan Velásquez Matus,otroncoso@example.com,Maule,Constitución,Champions,2025-04-01,Facebook/Instagram
1808,Emilia Antonia Catalán Cruz,nalvarez@example.org,O'Higgins,Rengo,New,2023-08-30,TikTok
1809,María Ayala,berta25@example.org,Metropolitana,Macul,Champions,2024-02-25,TikTok
1810,David Michel Vásquez Muñoz,olga54@example.net,Los Ríos,Río Bueno,Champions,2024-01-17,Email Marketing
1811,Eduardo Briceño,belen54@example.org,Metropolitana,La Reina,Champions,2023-04-30,Orgánico
1812,Juan Francisco Astorga Moraga,aurora21@example.com,Metropolitana,Las Condes,Champions,2024-02-29,Facebook/Instagram
1813,Nestor José Salazar Márquez,manuel39@example.org,Metropolitana,Macul,Champions,2024-03-26,Email Marketing
1814,Alejandrina Palacios Neira,contrerasgraciela@example.org,O'Higgins,Santa Cruz,Lost,2024-01-20,TikTok
1815,Katherine Javiera Saldaña González,claudia42@example.net,Biobío,Concepción,Loyal,2023-05-14,Referido
1816,Jorge Águila Ortiz,maria73@example.org,Metropolitana,San Miguel,Champions,2024-02-19,TikTok
1817,José Vicente Toledo Farías,wmora@example.org,Valparaíso,Valparaíso,Hibernating,2023-08-19,Orgánico
1818,Margot Reyes,gonzalezeduardo@example.org,Biobío,Hualpén,New,2023-08-21,Google Ads
1819,Reinaldo Carreño Díaz,isidora74@example.com,Metropolitana,La Reina,Lost,2024-06-21,TikTok
1820,Rodolfo Cristian Cortés Vargas,mauricio61@example.net,O'Higgins,Pichilemu,Hibernating,2025-01-02,Referido
1821,Octavio Sergio Aguilera Paredes,gloria23@example.org,Maule,Constitución,At Risk,2024-10-24,Orgánico
1822,Elizabeth Estefanía Arancibia Romero,eugenio68@example.org,Valparaíso,San Antonio,Champions,2024-03-18,Referido
1823,Francisca Carolina Cortés Fuentes,pablo93@example.net,Coquimbo,La Serena,Potential,2024-12-04,Orgánico
1824,Emma Juana Rivera Barra,bravomartin@example.org,Valparaíso,San Antonio,Loyal,2023-01-13,Facebook/Instagram
1825,Lidia Parra Castillo,alexandra85@example.net,Los Ríos,Río Bueno,Champions,2023-04-21,TikTok
1826,Andrea Carmen González Quezada,barroschristian@example.net,Biobío,Chiguayante,Loyal,2025-04-18,TikTok
1827,Remigio Martín Osorio Bascuñán,rosalia79@example.net,Biobío,Chiguayante,At Risk,2025-01-22,Google Ads
1828,Camilo Ángel Segovia Sepúlveda,carmen13@example.com,Metropolitana,La Reina,At Risk,2023-07-19,Facebook/Instagram
1829,Valeska Carmen Muñoz Álvarez,robinsoncortes@example.com,O'Higgins,Pichilemu,Champions,2023-06-06,Referido
1830,Carla Darling Blanco Alegría,arturofigueroa@example.org,Valparaíso,Valparaíso,Loyal,2024-12-04,Email Marketing
1831,Jenny Milagros Rojas Salinas,gomezjose@example.net,Metropolitana,Ñuñoa,Potential,2024-04-05,Google Ads
1832,Otilia Pereira,dmamani@example.org,Metropolitana,Puente Alto,Champions,2023-08-16,TikTok
1833,Estrella Opazo Fuentes,jose09@example.net,Biobío,Hualpén,Potential,2023-05-18,Email Marketing
1834,Manuel Nelson Arriagada Contreras,folivares@example.org,Valparaíso,San Antonio,New,2024-07-20,TikTok
1835,Isabella Acevedo,fabioladiaz@example.net,La Araucanía,Angol,Loyal,2023-07-23,Google Ads
1836,Yaritza Torres,pgonzalez@example.com,O'Higgins,Santa Cruz,At Risk,2023-01-26,Facebook/Instagram
1837,Patricio Marcelo Sepúlveda Retamal,juan06@example.com,Metropolitana,Maipú,At Risk,2024-09-07,Referido
1838,Claudia Gallegos-Tapia Fuentes,isidorahuerta@example.com,La Araucanía,Padre Las Casas,At Risk,2023-03-07,TikTok
1839,Juan Freddy Pérez Morales,kmella@example.net,Metropolitana,La Reina,Loyal,2023-04-26,TikTok
1840,Octavio Retamal,paezloreto@example.org,Maule,Curicó,Loyal,2024-02-03,Facebook/Instagram
1841,Víctor Rodríguez Vargas,silvaconstanza@example.net,Maule,Constitución,At Risk,2024-10-05,Google Ads
1842,Marcelo Rojas Briceño,csoto@example.net,Valparaíso,Viña del Mar,At Risk,2024-02-02,TikTok
1843,María Alicia Cuevas Castillo,fabiola10@example.com,La Araucanía,Padre Las Casas,Champions,2024-12-24,Facebook/Instagram
1844,Gonzalo Daniel Gutiérrez Contreras,tmarambio@example.org,Metropolitana,La Reina,New,2025-02-03,TikTok
1845,Soledad Camila Velásquez Soto,iparraguez@example.org,Valparaíso,Quilpué,At Risk,2024-03-03,Google Ads
1846,Daisy Aravena Vallejos,castrocamila@example.org,Maule,Linares,Loyal,2024-07-12,Referido
1847,Sofía Cáceres Valdebenito,nunezveronica@example.com,Valparaíso,Quilpué,New,2024-07-05,Referido
1848,Mia Yohana Poblete Contreras,qvillegas@example.com,Metropolitana,Estación Central,Loyal,2024-06-18,TikTok
1849,Aldo Olivares Pulgar,fuenteshector@example.org,Valparaíso,Quilpué,At Risk,2023-12-25,Google Ads
1850,Mercedes Toledo Vergara,ztoro@example.org,Maule,Talca,Champions,2024-06-17,Google Ads
1851,Ivonne Sepúlveda,padillafrancisco@example.com,Metropolitana,Lo Barnechea,At Risk,2024-08-18,Email Marketing
1852,Jennifer Magaly Rivera Cortés,dvargas@example.net,Metropolitana,Peñalolén,Champions,2023-10-12,Email Marketing
1853,Viviana Doris Delgado Lillo,perezangelica@example.net,La Araucanía,Victoria,Loyal,2023-08-07,Google Ads
1854,Leónidas Valentín Vásquez Castillo,dmolina@example.org,Maule,Talca,New,2024-02-07,Facebook/Instagram
1855,Loreto Cecilia Gallardo Urrutia,fgonzalez@example.com,Metropolitana,Lo Barnechea,Loyal,2024-07-22,Referido
1856,Jorge Francisco Sánchez González,luis88@example.net,Metropolitana,Estación Central,Lost,2024-05-16,Email Marketing
1857,Fernando Miguel Moreno Correa,robinson06@example.net,Metropolitana,San Miguel,New,2023-05-26,Facebook/Instagram
1858,Miguel Carvajal Pereira,boris04@example.org,Metropolitana,Puente Alto,Loyal,2023-08-31,Referido
1859,Sebastián Sánchez,hector23@example.org,Valparaíso,Viña del Mar,At Risk,2025-01-13,Google Ads
1860,Gael Pedro Roa Muñoz,alexisgallardo@example.com,Los Lagos,Puerto Varas,Potential,2023-08-28,Orgánico
1861,Matías Juan Mondaca González,maritza53@example.org,Biobío,Hualpén,New,2024-09-29,Google Ads
1862,Antonella María Medina Villagra,fernanda74@example.com,Biobío,Talcahuano,At Risk,2023-02-17,Google Ads
1863,Karen Bahamondes-Espinoza,nicol40@example.org,Metropolitana,Quilicura,At Risk,2025-05-03,Referido
1864,Alicia Rocío Cornejo Véliz,torresyolanda@example.org,Maule,Cauquenes,Lost,2023-05-13,TikTok
1865,Verónica Abigail Neira Retamal,marcos85@example.org,Valparaíso,Villa Alemana,Loyal,2023-09-24,Google Ads
1866,Ana Matilda Saavedra Soto,zuribe@example.net,Coquimbo,La Serena,At Risk,2025-01-05,Email Marketing
1867,Christian Flores Toro,cifuentesalfonso@example.net,Biobío,Hualpén,New,2025-02-26,TikTok
1868,Marta Leal Bustamante,retamalaurelia@example.org,Metropolitana,Peñalolén,Champions,2023-11-25,TikTok
1869,Víctor Heriberto Pérez Ortega,yrios@example.net,La Araucanía,Victoria,Champions,2023-06-30,Email Marketing
1870,Solange Martina Alarcón Hidalgo,mariagalleguillos@example.com,Metropolitana,Macul,Loyal,2024-02-06,Orgánico
1871,Ingrid Díaz Lara,ignacio98@example.com,La Araucanía,Angol,Champions,2024-01-11,Referido
1872,Tamara Consuelo Soto Valdés,wmartinez@example.net,Metropolitana,Las Condes,New,2023-12-20,Google Ads
1873,Carolina Johanna Olivares Gutiérrez,bruno42@example.com,Metropolitana,Puente Alto,Loyal,2023-12-10,TikTok
1874,Darwin Marcos Herrera Vargas,danielalvarez@example.com,Maule,Cauquenes,New,2025-05-07,Email Marketing
1875,Marisol Ampuero,dmorales@example.net,Metropolitana,Las Condes,Champions,2023-10-19,Google Ads
1876,Eva Gisela Rojas Casanova,cidfrancisco@example.org,Maule,Cauquenes,New,2023-02-17,Facebook/Instagram
1877,Juana María González-Núñez Parada,rodriguezjesus@example.com,Metropolitana,La Florida,New,2023-03-23,Referido
1878,Andrea María Castro Donoso,pamelanunez@example.org,Biobío,Chiguayante,At Risk,2024-09-08,Email Marketing
1879,Miguel Silva,ymeneses@example.org,La Araucanía,Victoria,Loyal,2024-11-11,Google Ads
1880,Rita Claudia Lizana Miranda,lmartinez@example.net,Valparaíso,Villa Alemana,Potential,2023-11-20,Orgánico
1881,Roberto Eydan Berríos Martínez,daniela94@example.org,Metropolitana,Providencia,Hibernating,2023-12-08,Google Ads
1882,Christopher Esteban Venegas Castillo,maria83@example.com,Metropolitana,Quilicura,At Risk,2024-02-07,TikTok
1883,Remigio Fica Guajardo,olagos@example.org,Metropolitana,Puente Alto,Champions,2023-06-15,Referido
1884,Claudia Rodríguez,navarretebelen@example.net,Metropolitana,Las Condes,Lost,2025-03-01,Google Ads
1885,Angelina Katherin Vásquez Cornejo,uribecarlos@example.org,Biobío,Talcahuano,Hibernating,2024-11-05,Referido
1886,Brian Aldo Tapia Catalán,vdiaz@example.net,Antofagasta,Tocopilla,Hibernating,2025-04-08,TikTok
1887,Víctor Antonio Álvarez Contreras,maria34@example.com,O'Higgins,San Fernando,Loyal,2024-07-29,TikTok
1888,Miguel Francisco Gaete Becerra,maria75@example.com,Los Lagos,Puerto Montt,Potential,2023-05-07,Orgánico
1889,Iván Vásquez Valdés,alvaro29@example.net,Los Lagos,Castro,Champions,2024-07-28,Orgánico
1890,Marco Alejandro Valdebenito Rodríguez,luis89@example.net,Biobío,Hualpén,Loyal,2023-03-14,TikTok
1891,Stephanie Solange López Ibáñez,seguelcarlos@example.com,Metropolitana,La Reina,Champions,2023-07-29,Email Marketing
1892,Johana Margarita Mondaca Zamora,osepulveda@example.org,O'Higgins,Santa Cruz,Champions,2023-04-06,Email Marketing
1893,Ricardo Daniel Rodríguez Quezada,yllanos@example.com,La Araucanía,Padre Las Casas,Lost,2023-09-05,Facebook/Instagram
1894,Oscar Paredes Zamora,arancibiabenjamin@example.com,Biobío,Talcahuano,Lost,2024-04-29,Google Ads
1895,Antonio Milton Aravena Bustamante,victorparedes@example.net,Metropolitana,Santiago,At Risk,2024-11-27,TikTok
1896,Laura Carmen Ortiz Navarrete,dora57@example.com,Valparaíso,Quilpué,Lost,2023-03-23,Facebook/Instagram
1897,María Rivera,jimmy58@example.org,Valparaíso,Villa Alemana,Hibernating,2023-01-29,Facebook/Instagram
1898,Clara Margarita Merino Jaramillo,herminiamartinez@example.com,O'Higgins,Rancagua,Champions,2025-05-12,Google Ads
1899,Pascuala Nicole Soto Ramos,lukasacevedo@example.org,Valparaíso,Valparaíso,Loyal,2024-10-15,Email Marketing
1900,Raúl Rodrigo Morales Navarro,barreranicole@example.net,Metropolitana,Las Condes,Loyal,2024-11-06,Referido
1901,Ernesto Espinoza Rosas,mansillavicente@example.com,Coquimbo,Illapel,Hibernating,2024-06-23,Email Marketing
1902,Carmen Cortés,trodriguez@example.net,Metropolitana,Peñalolén,At Risk,2025-03-18,Referido
1903,Carlos Joaquín Romero Arriagada,crojas@example.org,Valparaíso,San Antonio,At Risk,2023-04-25,TikTok
1904,Jorge Díaz-Arias Aliaga,cristina93@example.com,Metropolitana,Puente Alto,New,2024-07-31,Referido
1905,Amanda Isabel Rodríguez Valenzuela,victorsandoval@example.com,La Araucanía,Victoria,New,2024-04-08,Orgánico
1906,María Contreras Pacheco,psoto@example.net,Antofagasta,Taltal,Champions,2024-03-07,Facebook/Instagram
1907,Carolina María Pinto Valencia,valentina81@example.net,Metropolitana,La Reina,Loyal,2025-01-10,Google Ads
1908,Lucía Camila Díaz Hurtado,zepedasusana@example.org,Maule,Curicó,At Risk,2023-06-16,Orgánico
1909,Francisco Peña,nulloa@example.com,Metropolitana,Las Condes,Champions,2024-01-04,Google Ads
1910,Constanza Espinoza Valladares,carlos39@example.net,Antofagasta,Taltal,New,2023-11-19,Email Marketing
1911,Nancy Claudia Aguilera González,pradofranco@example.org,Los Lagos,Puerto Montt,Loyal,2023-12-16,Orgánico
1912,Daniela Zúñiga Vidal,kfernandez@example.org,Maule,Curicó,Champions,2025-03-01,Google Ads
1913,Claudio Rodolfo Rodríguez Soto,gdelgado@example.com,Metropolitana,Peñalolén,Lost,2024-05-14,TikTok
1914,Fernando Alegría Ulloa,jfigueroa@example.com,Coquimbo,Vicuña,Loyal,2024-02-05,Email Marketing
1915,Herminda Francisca Contreras Cornejo,lorenagomez@example.org,La Araucanía,Padre Las Casas,New,2025-02-01,Referido
1916,Peter Juan Rivas Vargas,josevaldes@example.net,Metropolitana,Maipú,Champions,2025-01-25,Orgánico
1917,Javiera Tania Parra Díaz,riffotania@example.com,Maule,Linares,Hibernating,2025-06-20,Facebook/Instagram
1918,Margarita Aravena Cortez,rzamorano@example.net,Metropolitana,Puente Alto,At Risk,2024-10-22,Orgánico
1919,Paola Rosario Araya Silva,garayedith@example.com,O'Higgins,Rengo,Lost,2024-01-09,Orgánico
1920,Olga Cortés Castillo,vanessacastillo@example.com,Metropolitana,Santiago,Lost,2023-03-23,Orgánico
1921,Fabián Claudio Vega Santander,carrascojose@example.net,La Araucanía,Villarrica,Champions,2024-09-26,Facebook/Instagram
1922,José Barahona Gallardo,bvalencia@example.org,Valparaíso,San Antonio,At Risk,2025-05-28,Google Ads
1923,Pablo Guido Pinto Moreno,mariaolivares@example.org,Metropolitana,Peñalolén,New,2023-03-21,Orgánico
1924,Carola Ana Hernández Mella,graciela63@example.com,Metropolitana,Macul,Champions,2023-09-25,TikTok
1925,Pedro Delgado Gatica,zunigamaria@example.org,Metropolitana,Providencia,At Risk,2024-03-18,Referido
1926,Diana Tania Álvarez Olivares,yparra@example.org,Valparaíso,San Antonio,Loyal,2023-10-28,TikTok
1927,Emilia Jeannette Ortega González,cortesgladys@example.com,Metropolitana,Peñalolén,Champions,2025-04-21,Facebook/Instagram
1928,Natividad Peña Aguilera,hernandezmargarita@example.com,Biobío,Los Ángeles,Hibernating,2025-06-11,Email Marketing
1929,Marcelo Maximiliano Vidal Mamani,anahi12@example.net,Metropolitana,Santiago,Champions,2025-06-23,Email Marketing
1930,Pamela Matus Burgos,manriquezana@example.net,Metropolitana,La Reina,At Risk,2024-05-04,TikTok
1931,Catherine Muñoz,maldonadojorge@example.net,Los Lagos,Puerto Varas,Champions,2025-05-29,Google Ads
1932,Roberto Godoy,aldo23@example.org,Metropolitana,Ñuñoa,Champions,2024-07-29,TikTok
1933,Arturo Díaz Santander,francisca58@example.org,O'Higgins,San Fernando,At Risk,2025-01-27,Orgánico
1934,Irene Carla Pacheco Jorquera,benjamin39@example.net,Maule,Cauquenes,Loyal,2024-08-10,TikTok
1935,Luis Acosta Toledo,dayanagarcia@example.com,Biobío,Talcahuano,Loyal,2025-01-21,Email Marketing
1936,Juan Luis Pinto González,munozsebastian@example.net,Biobío,Hualpén,New,2024-02-11,Orgánico
1937,Tomás Thiago Pérez Albornoz,valentinaibanez@example.com,O'Higgins,Rengo,Champions,2025-01-05,TikTok
1938,David Contreras Saavedra,orellanamarcia@example.org,Metropolitana,San Miguel,Champions,2023-09-08,Google Ads
1939,Josefina Patricia Núñez Osorio,ufernandez@example.net,Metropolitana,La Florida,Loyal,2023-07-21,Orgánico
1940,Amanda Silvia Vidal Paredes,garcespedro@example.org,Metropolitana,La Reina,Champions,2023-08-11,Email Marketing
1941,Osvaldo Vicente Díaz Acosta,sebastian87@example.com,Los Lagos,Puerto Montt,Champions,2024-04-08,Orgánico
1942,Mauricio Adán Leiva Muñoz,surra@example.net,Metropolitana,Maipú,Loyal,2023-03-06,Referido
1943,José Rodrigo Pizarro Labra,vpoblete@example.net,Biobío,Los Ángeles,Lost,2024-12-12,Orgánico
1944,María Barra,maria72@example.org,Los Ríos,La Unión,Champions,2025-04-08,Facebook/Instagram
1945,Isabel Cecilia Lagos Vallejos,maximilianovega@example.net,Maule,Cauquenes,Lost,2024-08-18,Referido
1946,Gonzalo Gaspar Machuca Muñoz,rodrigueznoelia@example.org,Valparaíso,Viña del Mar,At Risk,2023-03-21,Referido
1947,César Marco Vidal Madariaga,martinhernandez@example.net,Metropolitana,Vitacura,Champions,2024-10-20,Email Marketing
1948,María Makarena Aguilar Marambio,navarretedanitza@example.com,Maule,Cauquenes,Loyal,2023-02-15,Referido
1949,David Julio Soto Rojas,julietasoto@example.com,Biobío,Concepción,Champions,2025-02-20,Email Marketing
1950,Nelly Paredes,inostrozaloreto@example.net,Metropolitana,Macul,At Risk,2023-04-20,TikTok
1951,Claudio César Díaz Espinoza,wduran@example.com,Metropolitana,La Reina,At Risk,2025-01-26,Orgánico
1952,Antonia Villarroel,luis43@example.org,O'Higgins,Pichilemu,Champions,2025-03-11,Facebook/Instagram
1953,Amanda Pamela Olmedo Acuña,alvarezpedro@example.com,Biobío,Talcahuano,Champions,2025-06-18,Facebook/Instagram
1954,Máximo Francisco Moreno Cruz,icarrasco@example.net,Maule,Linares,New,2023-03-03,Referido
1955,Anahí Patricia López Arcos,fabian29@example.net,O'Higgins,San Fernando,At Risk,2023-06-30,Email Marketing
1956,Diego Herrera,daniel71@example.net,Biobío,Talcahuano,Champions,2024-03-22,Email Marketing
1957,Armando Muñoz,vvenegas@example.net,Valparaíso,Quilpué,Champions,2023-07-16,TikTok
1958,Leonor Gutiérrez Aracena,mirandapaulina@example.org,Valparaíso,Valparaíso,New,2024-11-07,Facebook/Instagram
1959,Iván Juan Venegas Pérez,monserrat13@example.net,Metropolitana,Vitacura,Champions,2025-05-12,Google Ads
1960,María Ana Rodríguez Galaz,riverapedro@example.com,Valparaíso,Quilpué,Champions,2023-08-25,Google Ads
1961,Omar Hernández,valeriavillanueva@example.org,Los Lagos,Osorno,Champions,2025-05-20,Orgánico
1962,Mary Lidia Pacheco Burgos,filomenacorrea@example.net,Biobío,Concepción,New,2025-01-14,Google Ads
1963,Georgina Krishna Castro García,veranelson@example.com,O'Higgins,Santa Cruz,Champions,2023-10-22,Email Marketing
1964,Constanza María Núñez Yáñez,silvafelipe@example.org,Valparaíso,Villa Alemana,Loyal,2023-10-19,Email Marketing
1965,Cecilia María Sánchez Quiroga,kbarrera@example.org,Biobío,Chiguayante,New,2023-12-01,Referido
1966,Carmen Javiera Valdés Miranda,gguerra@example.com,Biobío,Los Ángeles,At Risk,2023-08-14,Facebook/Instagram
1967,Magdalena Reyes,pizarroaida@example.com,Biobío,Talcahuano,Lost,2024-01-03,Orgánico
1968,Claudia Bascuñán,pedrobobadilla@example.com,La Araucanía,Victoria,New,2024-06-29,TikTok
1969,Pedro Matías García Salinas,vasquezluzmira@example.net,Metropolitana,Ñuñoa,At Risk,2025-06-16,TikTok
1970,Daniela Elena Villar Vergara,margarita41@example.org,Valparaíso,Villa Alemana,Champions,2025-05-22,TikTok
1971,Luciano Mario Vicencio Gallardo,reinaldo63@example.org,Metropolitana,Providencia,Lost,2023-01-02,Orgánico
1972,Fernanda Páez Paredes,benjamin28@example.org,Metropolitana,Las Condes,New,2023-09-17,TikTok
1973,Matías Contreras Vergara,usepulveda@example.org,Valparaíso,Valparaíso,At Risk,2023-01-14,Facebook/Instagram
1974,Pablo Muñoz,valvarez@example.com,Biobío,Concepción,Champions,2023-09-26,Orgánico
1975,Hernán Contreras,castrojenifer@example.net,Coquimbo,Ovalle,Champions,2023-07-01,Orgánico
1976,Joel Eduardo Benítez Cofré,pmontero@example.com,Biobío,Chiguayante,At Risk,2025-04-08,TikTok
1977,Ignacio José Pino Núñez,castrobenjamin@example.com,Los Lagos,Castro,At Risk,2024-07-15,Google Ads
1978,Rocio Martínez Gallardo,castillopia@example.org,Valparaíso,Quilpué,At Risk,2023-06-08,Email Marketing
1979,Marjorie Paola Urra Espinoza,fgutierrez@example.com,Biobío,Hualpén,Hibernating,2024-05-20,TikTok
1980,Mónica María Toledo Beltrán,igomez@example.com,Metropolitana,Santiago,At Risk,2025-06-24,Google Ads
1981,Ema Paula Serrano Arancibia,chavezmaximiliano@example.net,Metropolitana,Las Condes,Potential,2024-07-26,Email Marketing
1982,Roxana Amy Pacheco Muñoz,claudia81@example.com,Metropolitana,Providencia,Champions,2023-11-20,Google Ads
1983,Laura Susana González Araya,ediaz@example.org,Valparaíso,San Antonio,Lost,2023-08-28,Facebook/Instagram
1984,Matías Roberto Soto Garrido,verdugopablo@example.org,Metropolitana,Macul,At Risk,2025-06-16,Facebook/Instagram
1985,Norma González Vera,rgonzalez@example.net,Metropolitana,Santiago,New,2025-05-13,Orgánico
1986,Ana Mónica Toledo Méndez,jmaldonado@example.com,Metropolitana,Quilicura,Champions,2025-03-23,Facebook/Instagram
1987,Paula Rosa Díaz Vera,natalia90@example.net,Coquimbo,La Serena,Potential,2023-07-15,Google Ads
1988,Emilia Eva Rodríguez Baeza,irenearaya@example.org,Metropolitana,Quilicura,Champions,2024-02-14,TikTok
1989,Carla Morales Ulloa,asoto@example.com,Valparaíso,Villa Alemana,Loyal,2023-12-26,Orgánico
1990,Emilia Molina Naranjo,mariachavez@example.net,Metropolitana,Puente Alto,At Risk,2024-09-11,Google Ads
1991,Eduardo Hernández Hidalgo,riverajuan@example.org,Biobío,Los Ángeles,Champions,2023-07-28,TikTok
1992,Paulina Julieta Zamorano González,isidora69@example.com,Metropolitana,Macul,New,2024-06-16,Referido
1993,Freddy Víctor Molina Guerrero,rivasalessandro@example.com,Metropolitana,La Florida,Lost,2024-09-13,Facebook/Instagram
1994,Mirtha María Medel Sánchez,constanza61@example.org,Valparaíso,San Antonio,At Risk,2024-02-18,Orgánico
1995,Cynthia Ramírez Aguirre,evejar@example.org,Metropolitana,Lo Barnechea,Champions,2024-09-11,Referido
1996,Agustina Sanhueza Flores,avilamaikol@example.org,Metropolitana,Providencia,Potential,2024-01-04,TikTok
1997,Benjamín Matías Rubio Guajardo,jose38@example.org,Metropolitana,Vitacura,Potential,2024-05-15,Facebook/Instagram
1998,Héctor Díaz Sandoval,maria52@example.org,Metropolitana,Macul,Loyal,2023-08-25,Referido
1999,Camila Emma Cid Becerra,juanarriagada@example.net,Metropolitana,Ñuñoa,Potential,2024-01-15,Google Ads
2000,Sergio Gary Vidal Mansilla,cisternasmireya@example.org,Metropolitana,Peñalolén,Hibernating,2023-11-22,Facebook/Instagram
2001,Nicolás López Cisternas,xcontreras@example.com,Maule,Cauquenes,Champions,2023-03-29,Google Ads
2002,Cecilia Claudia Pérez Díaz,dvillegas@example.net,Biobío,Chiguayante,Loyal,2024-11-26,Facebook/Instagram
2003,Carolina Daniela Yáñez Espinosa,constanzaherrera@example.org,Valparaíso,Valparaíso,Potential,2024-08-08,Orgánico
2004,Marisa Ortega,alvaradobenedicto@example.com,Metropolitana,Maipú,Lost,2024-09-14,Referido
2005,Martín Alain Araya Fuentealba,josesalgado@example.com,Antofagasta,Calama,Hibernating,2025-02-08,Facebook/Instagram
2006,Pamela Torres,isabel59@example.net,Metropolitana,Peñalolén,New,2024-12-20,Email Marketing
2007,Raúl Arce,valdesjaime@example.com,Metropolitana,Providencia,At Risk,2024-10-17,Referido
2008,Natalia Bustamante Delgado,aliciamiranda@example.com,Biobío,Concepción,Loyal,2023-04-28,Facebook/Instagram
2009,Fernando Sebastián Albornoz Benavides,matiasberrios@example.com,Metropolitana,Providencia,At Risk,2023-01-04,Facebook/Instagram
2010,Rodrigo Gerardo Bustamante Molina,lucia46@example.com,Metropolitana,Puente Alto,Loyal,2025-04-07,Email Marketing
2011,Vicente Cristian Lara Pérez,manuel58@example.com,Valparaíso,San Antonio,New,2025-01-25,Google Ads
2012,Yessica Laura Escobar Suárez,zapatayenny@example.com,O'Higgins,Santa Cruz,Champions,2024-12-05,Referido
2013,Joaquín Marcelo Soto Salas,carlosdiaz@example.net,Valparaíso,Viña del Mar,Potential,2023-02-10,TikTok
2014,Anderson Maximiliano González Bravo,xmillan@example.com,La Araucanía,Angol,Loyal,2024-10-01,Email Marketing
2015,Cristina Nicole Ríos Valenzuela,arielloyola@example.org,Los Ríos,Corral,Loyal,2023-07-15,TikTok
2016,Sabrina Fierro Aguirre,agomez@example.net,Metropolitana,San Miguel,At Risk,2023-08-26,TikTok
2017,Tamara Juana García Silva,dmunoz@example.com,Metropolitana,Quilicura,At Risk,2024-03-07,TikTok
2018,Alejandra Javiera Villalobos Briceño,angela39@example.org,Metropolitana,Vitacura,At Risk,2024-08-26,Orgánico
2019,Paula Antonia Rojas Fuentealba,oarancibia@example.org,Valparaíso,Villa Alemana,Lost,2024-04-16,Facebook/Instagram
2020,Sandro Flores Rubio,marcelabravo@example.com,Valparaíso,Villa Alemana,Loyal,2024-02-20,Google Ads
2021,Martín Simón Gutiérrez Pérez,arenasvictoria@example.org,O'Higgins,Santa Cruz,Loyal,2023-02-24,Orgánico
2022,Rodrigo Javier Valenzuela Gómez,martinezfrancisca@example.net,La Araucanía,Victoria,Champions,2024-05-01,Referido
2023,Gloria Sofía López Medina,segundo99@example.org,Biobío,Concepción,Lost,2023-04-12,Orgánico
2024,Patricia Henríquez Muñoz,gvarela@example.com,Metropolitana,Santiago,At Risk,2024-04-23,Email Marketing
2025,María Molina Sánchez,mia68@example.net,Maule,Talca,Champions,2024-04-19,Google Ads
2026,Williams Francisco Arroyo Mondaca,camila56@example.net,Coquimbo,Illapel,Loyal,2025-03-24,Email Marketing
2027,Felipe Donoso Jiménez,valentinavidal@example.org,Maule,Constitución,Champions,2023-07-04,Email Marketing
2028,Alejandra Karla Álvarez González,dcortes@example.com,Metropolitana,Ñuñoa,New,2025-01-11,TikTok
2029,Judith Alejandra Rodríguez-Escobar Romero,castrogenesis@example.net,Biobío,Chiguayante,Loyal,2024-02-22,Email Marketing
2030,Ricardo Pedro Moreno Soto,sepulvedaclaudia@example.com,Metropolitana,San Miguel,At Risk,2025-03-21,Facebook/Instagram
2031,Florinda Denise López Plaza,munozcarlos@example.org,Metropolitana,Quilicura,Champions,2025-04-27,Referido
2032,Carolina Cortés Araya,nancy99@example.org,Metropolitana,Quilicura,Champions,2023-06-11,Facebook/Instagram
2033,Raúl Patricio Vivanco Alvarado,maria36@example.org,Biobío,Los Ángeles,Champions,2025-03-24,Orgánico
2034,Carmela Neira,cdominguez@example.net,La Araucanía,Victoria,Lost,2025-01-06,Referido
2035,Alex Claudio Reyes Serrano,eloisalopez@example.com,Metropolitana,Estación Central,At Risk,2023-10-15,Facebook/Instagram
2036,Patricio Aguilera,carlos73@example.net,Metropolitana,Quilicura,At Risk,2024-07-20,Email Marketing
2037,Trinidad Margarita Altamirano Tapia,kgonzalez@example.org,Valparaíso,Valparaíso,At Risk,2023-05-25,TikTok
2038,Valentina María Marín Carvajal,fernando65@example.net,Metropolitana,Maipú,Champions,2023-07-30,Orgánico
2039,Caroline Tatiana Guzmán López,amaru26@example.com,Metropolitana,Estación Central,New,2024-09-19,Orgánico
2040,Leandro Pérez Villalobos,luis18@example.net,Valparaíso,San Antonio,Champions,2024-11-18,Referido
2041,Marcela Salazar Herrera,qmejias@example.net,Los Lagos,Puerto Varas,Lost,2023-09-11,Referido
2042,Úrsula Paola Gatica Quintanilla,hperez@example.com,Metropolitana,La Reina,New,2024-07-12,Google Ads
2043,Maite Suazo Espinosa,chavezcristobal@example.net,Metropolitana,Vitacura,Hibernating,2025-06-27,Google Ads
2044,Marisol Aguilar Ibarra,jamesrozas@example.com,Metropolitana,Puente Alto,New,2023-10-01,Facebook/Instagram
2045,Magaly Julia Carrasco Gómez,josemorales@example.org,Antofagasta,Calama,New,2023-06-08,Facebook/Instagram
2046,Tania Macarena Delgado Orellana,rolando26@example.net,Biobío,Talcahuano,Lost,2023-11-17,Google Ads
2047,Amada Alvarado Mercado,herrerayamilet@example.com,La Araucanía,Temuco,Lost,2025-02-14,Google Ads
2048,Pedro Jaramillo Cisterna,anafernandez@example.org,Metropolitana,Vitacura,Loyal,2025-04-18,TikTok
2049,Constanza García,uretamales@example.com,Biobío,Talcahuano,Lost,2023-04-21,Orgánico
2050,Guillermo Matheo Peña Soto,jeanrodriguez@example.net,Metropolitana,Lo Barnechea,Loyal,2023-01-16,Referido
2051,Katherine Lagos-Silva Álvarez,fmora@example.org,Biobío,Los Ángeles,Loyal,2023-02-18,Referido
2052,Macarena Margarita Díaz Poblete,romerorosalia@example.com,Antofagasta,Mejillones,Champions,2024-01-04,Email Marketing
2053,Katherine Arcos-Salinas Martínez,fresiazarate@example.org,Biobío,Hualpén,Potential,2023-12-28,Referido
2054,Cristian González Torres,emiliaponce@example.net,O'Higgins,San Fernando,Potential,2024-03-30,Referido
2055,Josefina Toro,exequiel35@example.org,La Araucanía,Victoria,Loyal,2023-08-31,Referido
2056,Anselmo Juan Bravo Cárdenas,castrojuan@example.com,Metropolitana,Ñuñoa,Lost,2023-05-08,TikTok
2057,Isabel Catalina Veloso Sánchez,ucarvajal@example.net,O'Higgins,Santa Cruz,Loyal,2025-06-16,Email Marketing
2058,Albertina Villegas Castro,rodrigo48@example.org,Metropolitana,Las Condes,At Risk,2023-11-02,Orgánico
2059,Patricio Campos,sabina44@example.com,Valparaíso,Quilpué,Champions,2025-05-18,Orgánico
2060,Juan Arcos,joaquingalvez@example.net,Metropolitana,Macul,Champions,2023-04-06,Orgánico
2061,Andrés Juan Núñez Tapia,patriciamolina@example.org,Metropolitana,Macul,Hibernating,2023-12-11,Email Marketing
2062,Brenda Garrido Marín,tortega@example.net,Valparaíso,Quilpué,Lost,2024-07-28,Referido
2063,Jazmín Teresa Barraza Aguirre,agustinafigueroa@example.net,Metropolitana,La Reina,Hibernating,2023-11-19,Email Marketing
2064,María Genoveva Villegas Retamal,camilapoblete@example.com,Valparaíso,Villa Alemana,Loyal,2023-02-18,TikTok
2065,María Juanita Acevedo López,ibobadilla@example.org,Biobío,Concepción,Lost,2024-01-28,TikTok
2066,Olivia Belén Castro Quintana,sara06@example.net,Metropolitana,Lo Barnechea,Loyal,2025-01-20,Email Marketing
2067,Claudia Núñez Bustos,solisroberto@example.net,Metropolitana,Las Condes,Champions,2024-02-07,Facebook/Instagram
2068,Juan Raúl Hermosilla Solís,carlos07@example.com,Biobío,Concepción,Champions,2023-11-19,Referido
2069,Miriam Pamela Guerrero Díaz,benjaminhenriquez@example.org,Metropolitana,Quilicura,Champions,2024-05-17,Referido
2070,Maximiliano Duarte,juliavasquez@example.net,La Araucanía,Villarrica,Loyal,2024-10-29,Referido
2071,Sandra Mónica Mansilla Valencia,angelaruz@example.org,Biobío,Chiguayante,Loyal,2023-02-22,Facebook/Instagram
2072,María Tatiana Rivera Rojas,aguirremargarita@example.net,Maule,Constitución,Hibernating,2025-06-08,TikTok
2073,Noelia Gloria Ojeda Ortega,christianlopez@example.com,La Araucanía,Victoria,Lost,2023-06-12,Facebook/Instagram
2074,María Emily Díaz León,linaayala@example.net,Valparaíso,Villa Alemana,Champions,2024-03-27,Email Marketing
2075,Rocío Sandra Estay Ávila,lucianacontreras@example.com,La Araucanía,Temuco,Loyal,2023-10-07,TikTok
2076,Jaime Hugo Durán Pastén,mgatica@example.org,Metropolitana,Lo Barnechea,Hibernating,2023-05-13,TikTok
2077,Tania Olga Ortega Yáñez,dante77@example.net,Metropolitana,La Florida,Loyal,2023-01-05,Referido
2078,Javier Luis Díaz Canales,patriciablanco@example.net,Los Lagos,Ancud,Hibernating,2023-01-05,Orgánico
2079,Ana Daniela Farías Miranda,saeznilda@example.org,Valparaíso,Quilpué,At Risk,2024-06-30,Facebook/Instagram
2080,Edwin Johan Pardo Videla,katherine79@example.com,Los Lagos,Castro,New,2025-02-22,Facebook/Instagram
2081,Carmen Rivas,godoypablo@example.com,Maule,Talca,New,2023-04-09,TikTok
2082,Domingo Rolando Velásquez Moraga,vicentegallardo@example.net,Maule,Curicó,Champions,2023-09-19,Email Marketing
2083,Pilar Fernanda Salas Muñoz,benjamin12@example.com,Antofagasta,Mejillones,Lost,2025-06-22,Facebook/Instagram
2084,Teresa Ramos,gabrielacorrea@example.org,Valparaíso,Quilpué,Lost,2023-07-20,TikTok
2085,María Sofía Montecinos Álvarez,vargasulises@example.net,Metropolitana,Santiago,Loyal,2024-01-21,Email Marketing
2086,Antonia Constanza Orellana Osses,mansillaalvaro@example.net,Biobío,Chiguayante,Champions,2025-05-09,Orgánico
2087,Jordán Morales,josebravo@example.net,Metropolitana,Peñalolén,New,2025-06-09,Google Ads
2088,Luis Ríos Rosas,giovanni90@example.org,Biobío,Hualpén,Champions,2023-02-07,Referido
2089,Luis Juan Bustos Morales,fsoto@example.org,La Araucanía,Angol,At Risk,2023-08-18,TikTok
2090,Jaime Leonel Villarroel Sepúlveda,irojas@example.net,La Araucanía,Padre Las Casas,Champions,2023-01-19,Email Marketing
2091,Facundo Silva Rubilar,catalinagonzalez@example.net,Metropolitana,Maipú,Champions,2023-08-09,Orgánico
2092,Valentina Laura Salamanca Alarcón,copazo@example.com,Metropolitana,Lo Barnechea,Hibernating,2024-11-26,Orgánico
2093,Juan Ian Delgado Pérez,eperez@example.com,Valparaíso,Villa Alemana,New,2024-12-06,Referido
2094,Matías Juan Mancilla González,felipe73@example.net,Metropolitana,Vitacura,Champions,2023-04-10,TikTok
2095,Cristóbal Calderón Figueroa,ema82@example.com,O'Higgins,Rengo,Champions,2024-03-07,Google Ads
2096,María Graciela Albornoz Aranda,lorenasilva@example.org,Metropolitana,Macul,Champions,2024-01-04,Referido
2097,Jean Daniel Ramírez Muñoz,valentinaperez@example.com,Metropolitana,Santiago,Lost,2023-04-15,Email Marketing
2098,Alejandro Vicente Robles Morales,diegotoledo@example.com,Metropolitana,Las Condes,New,2025-01-07,Facebook/Instagram
2099,Jovita María González Bustamante,yolandacruces@example.net,Biobío,Hualpén,Champions,2024-01-04,Referido
2100,Richard Pedro Andrade Vera,hugo59@example.org,Biobío,Los Ángeles,Hibernating,2023-04-18,TikTok
2101,Priscila Correa González,cornejonelson@example.org,Metropolitana,Providencia,Loyal,2023-06-09,Email Marketing
2102,Herminia Nancy Sandoval Pizarro,catalinasanchez@example.org,Metropolitana,Estación Central,Champions,2024-07-18,Referido
2103,Mercedes Nicol Maldonado Cárdenas,manuel85@example.com,Valparaíso,Quilpué,New,2023-06-23,Facebook/Instagram
2104,Maximiliano Vicente Gómez Soto,ksilva@example.org,Metropolitana,Lo Barnechea,Champions,2023-09-17,Orgánico
2105,Juan Oyarzún Allende,paloma67@example.org,La Araucanía,Victoria,Champions,2024-03-25,Referido
2106,Ana Romina Allendes Martinez,josegonzalez@example.com,Biobío,Talcahuano,New,2025-02-09,TikTok
2107,Juan Ignacio Santander Durán,urrutiapatricia@example.org,Metropolitana,Lo Barnechea,Champions,2024-12-31,Google Ads
2108,Eduardo Christian Cárdenas Poblete,vasquezsusan@example.net,Metropolitana,San Miguel,Loyal,2025-03-19,TikTok
2109,Joaquín Arancibia,gmunoz@example.com,Los Ríos,Panguipulli,Potential,2024-04-14,Email Marketing
2110,Víctor Mauricio Ulloa González,evillagran@example.org,Valparaíso,Valparaíso,Lost,2023-12-31,Orgánico
2111,José Jimmy Martínez Contreras,diego19@example.net,La Araucanía,Temuco,Lost,2024-09-23,Email Marketing
2112,Luis José Ahumada Araya,fuenteskaren@example.net,Metropolitana,Vitacura,Lost,2023-06-14,Facebook/Instagram
2113,Nelson Luis Roa Becerra,kurrutia@example.org,Valparaíso,Quilpué,At Risk,2023-03-21,Facebook/Instagram
2114,Leonor Molina Ojeda,silvaantonella@example.net,Metropolitana,Las Condes,Hibernating,2025-05-30,Email Marketing
2115,Cristóbal Roberto González Araya,manriqueztrinidad@example.org,Valparaíso,San Antonio,Loyal,2025-01-30,TikTok
2116,Perla Carolina Pérez-Sepúlveda Vásquez,brodriguez@example.com,Coquimbo,Coquimbo,Potential,2025-01-25,Email Marketing
2117,León Gómez Tapia,bbahamondes@example.org,Metropolitana,Macul,Loyal,2024-01-19,Orgánico
2118,Esther Miriam Cares Pardo,mariana88@example.org,Metropolitana,Peñalolén,New,2024-10-25,Google Ads
2119,Sandra Claudia Neira Toloza,acevedopaola@example.com,Metropolitana,Lo Barnechea,Champions,2024-11-03,TikTok
2120,Nelson Carlos Araneda Valenzuela,pablayanez@example.com,Metropolitana,Santiago,Loyal,2024-01-04,Orgánico
2121,Juan Rigoberto Muñoz Ortega,guillermosan-martin@example.com,Metropolitana,La Florida,Potential,2024-08-11,Facebook/Instagram
2122,Aylin Soto García,nsaez@example.org,Metropolitana,Quilicura,Champions,2025-02-01,Orgánico
2123,Ángel Norambuena Astudillo,hvalenzuela@example.net,Los Lagos,Castro,Loyal,2023-03-28,Referido
2124,Camila Sandra Salamanca Oyarzún,vcortes@example.com,Valparaíso,Quilpué,At Risk,2023-03-17,Facebook/Instagram
2125,Sebastián Zepeda Cares,kimberlybecerra@example.org,Metropolitana,Providencia,Loyal,2025-06-27,Facebook/Instagram
2126,Anahí Vega Pacheco,gaspardiaz@example.com,O'Higgins,Santa Cruz,Champions,2023-06-14,Referido
2127,Paulina Valentina Herrera Ayala,sergiogonzalez@example.com,Metropolitana,Las Condes,At Risk,2023-12-08,Facebook/Instagram
2128,Adela Rossana Cabello Zamora,sanchezdomingo@example.org,Coquimbo,Ovalle,Champions,2024-02-27,Google Ads
2129,Sara Araya López,freddyponce@example.net,Metropolitana,Vitacura,Potential,2023-05-10,Google Ads
2130,Francisca Vera Martínez,cristiantorres@example.net,O'Higgins,San Fernando,New,2023-06-09,TikTok
2131,Antonia Soto,jeannette67@example.net,Biobío,Talcahuano,Champions,2024-12-06,Email Marketing
2132,Eugenia Paola Almonacid Ortiz,bravomatias@example.com,Maule,Curicó,Loyal,2024-10-04,Email Marketing
2133,Héctor Eusebio Salamanca Riquelme,sofia96@example.org,Los Ríos,Río Bueno,Champions,2023-09-19,TikTok
2134,Elizabeth Sánchez,leslysaldias@example.net,Metropolitana,Las Condes,Loyal,2024-11-08,Orgánico
2135,Lucía Silvana Martínez Rebolledo,veronicaquispe@example.net,Coquimbo,Ovalle,Loyal,2024-12-02,Referido
2136,Vicente Marchant Rodríguez,apablazapaola@example.com,Metropolitana,Vitacura,Loyal,2023-11-29,Google Ads
2137,Constanza Suárez-Monsalve,luis07@example.net,Metropolitana,Las Condes,At Risk,2025-06-25,Orgánico
2138,Raúl Jaime Lara Fernández,uguajardo@example.net,Metropolitana,La Florida,Hibernating,2024-05-02,Google Ads
2139,Tabita Lorena San Martín Calderón,cristopher18@example.org,Valparaíso,Villa Alemana,Loyal,2024-11-30,Email Marketing
2140,Susana Fabiola Sepúlveda Muñoz,cmadariaga@example.org,Metropolitana,Macul,New,2024-08-27,Referido
2141,Francisco Fabián Aguirre Arriagada,josesolis@example.org,Biobío,Hualpén,Champions,2025-02-09,TikTok
2142,Omar Eduardo Ulloa Mora,fernandezmauricio@example.org,Valparaíso,Valparaíso,New,2023-09-18,Email Marketing
2143,Abner Luis Bahamondes Sepúlveda,floresadela@example.net,Los Lagos,Puerto Varas,Champions,2024-09-22,TikTok
2144,Facundo Matteo Morales Navarrete,gomezbastian@example.net,Maule,Cauquenes,Lost,2024-01-09,Orgánico
2145,Manuel Heraldo Sandoval Gallegos,emartinez@example.org,Valparaíso,Quilpué,Hibernating,2024-04-27,Facebook/Instagram
2146,Magdalena Mariana López Prado,macarenacaceres@example.net,Metropolitana,Puente Alto,Lost,2025-06-16,Orgánico
2147,Francisco Astudillo Ojeda,angelica05@example.org,Metropolitana,San Miguel,At Risk,2023-01-05,Orgánico
2148,Cecilia Fresia Fuentes Castillo,robertoruz@example.net,Metropolitana,Estación Central,Loyal,2024-01-11,Facebook/Instagram
2149,José Gonzalo Hernández Farías,ggarcia@example.com,Metropolitana,Vitacura,Champions,2024-05-16,Facebook/Instagram
2150,Fresia Miranda Rivera,rsanhueza@example.org,Metropolitana,Santiago,Potential,2025-01-11,Email Marketing
2151,Tamara Araya Díaz,fdiaz@example.net,Metropolitana,Puente Alto,At Risk,2023-07-01,TikTok
2152,Christopher José Palma Astudillo,gonzalezjuan@example.org,Coquimbo,Illapel,Champions,2023-10-26,Orgánico
2153,Elena Mirna Rubilar Torres,ignacio19@example.com,Biobío,Chiguayante,New,2023-06-23,Referido
2154,Sebastián Barría,alexandra03@example.com,Metropolitana,San Miguel,New,2023-04-17,Referido
2155,Rosa Hilda Vargas González,oalvarado@example.net,Biobío,Talcahuano,At Risk,2024-08-26,Orgánico
2156,María Bárbara Ramos Espinoza,pgonzalez@example.com,Metropolitana,Macul,Hibernating,2023-01-06,Email Marketing
2157,Ángel Cortés Toledo,fagurto@example.com,Valparaíso,Villa Alemana,Lost,2023-07-26,Orgánico
2158,David Alberto Olguín Zamorano,ksoto@example.net,Biobío,Chiguayante,Lost,2024-02-27,Referido
2159,David Mario Medina Vega,castroemilia@example.net,Valparaíso,Villa Alemana,Champions,2025-01-04,Orgánico
2160,Ana Ximena Soto Riquelme,sergio70@example.org,Valparaíso,Valparaíso,At Risk,2025-04-12,Facebook/Instagram
2161,Francisca Ingrid Muñoz Álvarez,gloria79@example.com,Los Ríos,Valdivia,Loyal,2023-11-30,Referido
2162,Bastián Roberto Jara-Chacón Sandoval,camila39@example.org,O'Higgins,Rengo,New,2023-03-28,Referido
2163,Nancy Vidal Órdenes,mariacontreras@example.net,Biobío,Los Ángeles,Champions,2023-03-08,Google Ads
2164,Amanda Catalina Donoso Alarcón,joaquinvalenzuela@example.net,Biobío,Talcahuano,Lost,2024-11-19,Orgánico
2165,Solange Patricia López Castillo,sofiapizarro@example.com,Biobío,Talcahuano,Hibernating,2025-04-27,Referido
2166,Manuel Rivera Contreras,marianela03@example.net,Metropolitana,Vitacura,At Risk,2024-06-05,Email Marketing
2167,Verónica Núñez Cabrera,silvayesenia@example.org,Metropolitana,Macul,At Risk,2025-05-05,TikTok
2168,Gabriel Thomas Ramos Vásquez,victor28@example.org,Metropolitana,Santiago,Hibernating,2024-11-08,TikTok
2169,Gonzalo González Fuentes,juanparedes@example.net,Valparaíso,Quilpué,Potential,2025-06-29,Orgánico
2170,Ana Francisca Herrera Moyano,pmunoz@example.org,Valparaíso,Viña del Mar,New,2024-05-02,Email Marketing
2171,Alonso Pérez,jonathanvasquez@example.org,Metropolitana,Estación Central,Hibernating,2024-11-08,Orgánico
2172,Mauricio Saldaña Pérez,ocastro@example.com,Coquimbo,Vicuña,Loyal,2024-04-27,Email Marketing
2173,Andrés Soto Ramírez,pabloguerrero@example.net,O'Higgins,San Fernando,Lost,2024-12-24,Referido
2174,Zacarías Carlos Sanhueza Cid,mariaarteaga@example.net,La Araucanía,Angol,At Risk,2024-03-12,Facebook/Instagram
2175,Pilar Fuentes Opazo,barrazacecilia@example.com,Valparaíso,San Antonio,Lost,2025-04-30,Email Marketing
2176,Alejandro Mauricio León Espinoza,gquintana@example.com,O'Higgins,San Fernando,Hibernating,2023-04-23,Orgánico
2177,Sandra Salgado Torres,samuelhernandez@example.net,Metropolitana,Maipú,Lost,2024-05-26,Orgánico
2178,Tatiana Salinas Escobar,galdamesjuan@example.net,Los Lagos,Osorno,Lost,2024-12-15,Referido
2179,Gina Sánchez,miguel31@example.net,Metropolitana,Maipú,Loyal,2025-04-07,Email Marketing
2180,Bruno Araya,jtoledo@example.net,Los Lagos,Osorno,Loyal,2024-02-20,Email Marketing
2181,Carla Almonacid Jara,sotoguillermo@example.net,Metropolitana,Providencia,At Risk,2024-07-22,TikTok
2182,Jorge Belmar Barría,pquintanilla@example.net,O'Higgins,San Fernando,Lost,2023-07-03,Orgánico
2183,Juan Martínez Vera,patriciaaravena@example.com,Antofagasta,Antofagasta,Loyal,2023-09-06,Orgánico
2184,Margarita Miriam Varela Riquelme,makarenaalvarez@example.com,Metropolitana,Quilicura,Lost,2023-09-04,Orgánico
2185,Mario Bastián Cabrera Arcos,hugo67@example.net,Valparaíso,San Antonio,Hibernating,2024-05-24,Facebook/Instagram
2186,Helen Isidora Fuentes Varas,patriciayanez@example.com,Los Ríos,Río Bueno,At Risk,2023-03-30,TikTok
2187,Francisco Morales Ramírez,gamboapatrick@example.com,Valparaíso,Viña del Mar,Hibernating,2025-05-31,TikTok
2188,Constanza Torres,alarconoscar@example.org,O'Higgins,Santa Cruz,Loyal,2023-10-29,Referido
2189,Rosa González Torres,mramirez@example.net,Biobío,Talcahuano,At Risk,2024-11-27,Email Marketing
2190,Cecilia Álvarez,diazjuan@example.org,Metropolitana,Peñalolén,Champions,2023-08-06,Google Ads
2191,Eliecer Claudio Villagrán Zamora,qbriones@example.org,Metropolitana,Peñalolén,Loyal,2025-05-05,Orgánico
2192,María Esperanza Santana Videla,vasquezisidro@example.org,Metropolitana,Lo Barnechea,Loyal,2023-03-06,Facebook/Instagram
2193,Noelia Laura Vargas Salas,lazomanuel@example.org,Los Lagos,Puerto Montt,Lost,2023-03-02,Email Marketing
2194,Rosamel Carvajal Casanova,bastiasmaura@example.org,Metropolitana,Providencia,Champions,2023-06-17,Email Marketing
2195,Camila Deisy Vargas Ramos,ytoro@example.org,Valparaíso,San Antonio,Champions,2024-07-07,Facebook/Instagram
2196,Germán Lobos,cofrejavier@example.org,Valparaíso,San Antonio,At Risk,2023-09-27,Email Marketing
2197,Catalina Díaz Burgos,johan91@example.org,Biobío,Talcahuano,Champions,2024-06-28,Facebook/Instagram
2198,Pablo Tomás Lobos Araya,qgarrido@example.org,O'Higgins,Rancagua,Loyal,2024-07-18,Google Ads
2199,Jhon Leal Díaz,hmendoza@example.org,Los Ríos,Río Bueno,Lost,2025-06-13,Referido
2200,Denisse Katherine Varas Prieto,mariafernandez@example.net,Valparaíso,Valparaíso,Champions,2023-06-30,Orgánico
2201,Ana Carmen Reyes Núñez,jfernandez@example.com,Maule,Linares,Loyal,2024-10-07,Google Ads
2202,Carla Nidia Salazar Palma,janet55@example.net,Los Lagos,Castro,Loyal,2025-06-07,Email Marketing
2203,Ema Rosa Gatica Guzmán,patricia87@example.org,Biobío,Hualpén,New,2023-12-12,Orgánico
2204,Francisca Julia Barahona Abarca,garciaroberto@example.org,Coquimbo,La Serena,Lost,2023-02-18,Email Marketing
2205,Francisco Víctor Gutiérrez Arcos,gabriela53@example.net,Metropolitana,Lo Barnechea,Loyal,2025-03-10,Orgánico
2206,Rodrigo Contreras,ahumadawilson@example.com,Metropolitana,Providencia,Champions,2024-08-03,Orgánico
2207,Héctor Figueroa Medina,canalescamila@example.com,Maule,Cauquenes,Hibernating,2024-08-13,Email Marketing
2208,Muriel Teresa Roa Catalán,francisco99@example.org,Valparaíso,Villa Alemana,Loyal,2023-10-04,Google Ads
2209,Laura Vásquez,mary46@example.com,Maule,Linares,Loyal,2023-06-04,Google Ads
2210,Nelly Nicole Parraguez Benavides,tellorichard@example.com,O'Higgins,Pichilemu,New,2025-06-09,Google Ads
2211,Anahí Torres,munozlaura@example.net,Metropolitana,Macul,Loyal,2024-06-05,Referido
2212,Camilo Claudio Salinas Fuentes,zgaldames@example.org,O'Higgins,Santa Cruz,Champions,2024-12-02,Google Ads
2213,Carmen Alison Palacios Cárcamo,bastianbarrientos@example.org,Valparaíso,San Antonio,Loyal,2024-03-07,Referido
2214,Graciela Jacqueline Pavez Farías,silvavictor@example.net,Valparaíso,Villa Alemana,Loyal,2023-10-09,Google Ads
2215,Lucas Contreras,kmunoz@example.org,Biobío,Los Ángeles,Champions,2025-05-19,Referido
2216,Jorge Brayan Flores Aguayo,juan60@example.com,Antofagasta,Tocopilla,Champions,2024-05-28,Google Ads
2217,Veronica Pereira Contreras,pquezada@example.org,Metropolitana,Ñuñoa,New,2025-01-11,TikTok
2218,Susana Elizabeth Montenegro Alarcón,contrerasjosefina@example.com,Valparaíso,Quilpué,Loyal,2024-08-02,Google Ads
2219,Julio Carlos Contreras Barría,henriquezdiego@example.com,La Araucanía,Temuco,At Risk,2023-04-26,TikTok
2220,Julia Fuenzalida Núñez,kriffo@example.org,La Araucanía,Villarrica,Loyal,2023-06-03,Google Ads
2221,Bernarda Camila Córdova Ponce,usoto@example.com,La Araucanía,Angol,Champions,2024-10-28,Referido
2222,Andrés Luis Torres Soto,estergonzalez@example.net,Metropolitana,Lo Barnechea,New,2023-06-22,Facebook/Instagram
2223,Jean Luengo Sanhueza,rpizarro@example.com,Metropolitana,La Florida,Champions,2023-11-27,Email Marketing
2224,María Fernanda Rozas Díaz,zguerra@example.org,Metropolitana,Lo Barnechea,Champions,2025-06-26,TikTok
2225,Nadia Poblete Rodríguez,fuenteseliana@example.net,Maule,Curicó,Potential,2024-08-30,Email Marketing
2226,Danitza Jerez,veronica54@example.net,Metropolitana,Estación Central,Loyal,2023-05-25,Google Ads
2227,Melissa Campos,robertoelgueta@example.com,Metropolitana,Estación Central,Champions,2025-02-26,Email Marketing
2228,Héctor Fuenzalida Fernández,yasna72@example.net,Coquimbo,Coquimbo,At Risk,2025-03-04,Email Marketing
2229,Diego Saúl Espinosa Maturana,matuscinthia@example.net,Metropolitana,Vitacura,Loyal,2023-09-25,Facebook/Instagram
2230,Sandra Zepeda,alexis10@example.org,Los Ríos,Río Bueno,Lost,2024-12-05,TikTok
2231,Freddy Osorio,jaimetobar@example.org,La Araucanía,Padre Las Casas,New,2023-12-09,Facebook/Instagram
2232,Francisco Fernando Lizama Zapata,ortizrachel@example.net,Maule,Curicó,Champions,2025-06-23,Email Marketing
2233,Karen María Salgado Oyarzo,brayantoledo@example.com,Metropolitana,Quilicura,Potential,2024-09-25,Email Marketing
2234,Cristian Samuel Carvajal Muñoz,hpizarro@example.org,Metropolitana,Puente Alto,At Risk,2025-05-30,Orgánico
2235,José Juan Yáñez Correa,ricardo48@example.org,La Araucanía,Angol,At Risk,2024-05-28,TikTok
2236,Alex Nicanor Cartes Montero,juan36@example.org,Maule,Talca,Loyal,2023-11-01,Referido
2237,Eduardo Boris González Zamora,jvalenzuela@example.org,Los Lagos,Puerto Varas,Champions,2024-02-16,TikTok
2238,Silvia Elena Caro Ramírez,pedro99@example.net,Metropolitana,Vitacura,Loyal,2024-12-18,Referido
2239,Catalina Galleguillos Paredes,cuevaslucia@example.net,Los Lagos,Ancud,Loyal,2023-06-02,Orgánico
2240,Leonor Josefa Mercado Montoya,gladyscardenas@example.com,Los Lagos,Puerto Varas,Champions,2023-04-12,Google Ads
2241,Adriana Florencia Gutiérrez Garrido,ramirezdavid@example.com,Biobío,Chiguayante,Hibernating,2023-09-08,Google Ads
2242,Lorenzo Astete Álvarez,arivera@example.com,Los Lagos,Puerto Montt,At Risk,2024-12-15,Orgánico
2243,María Contreras,jennifer54@example.com,Maule,Linares,New,2025-02-09,Google Ads
2244,Fresia Arteaga,carlosmontecino@example.org,Biobío,Los Ángeles,Hibernating,2025-01-14,TikTok
2245,Jorge Juan Vargas Reyes,jorgebustos@example.net,Metropolitana,Vitacura,Loyal,2024-06-16,Referido
2246,René Pérez,alfredolizama@example.net,Valparaíso,Villa Alemana,Champions,2023-01-07,Google Ads
2247,Tiare Ivonne Briceño Rojas,galvezluisa@example.com,Metropolitana,Maipú,Champions,2025-03-15,TikTok
2248,Elisabeth Beatriz Mondaca Bahamonde,julia11@example.com,Valparaíso,Valparaíso,Lost,2023-07-28,TikTok
2249,Leonor Claudia Núñez Silva,nhenriquez@example.com,Valparaíso,Quilpué,Potential,2025-03-12,Email Marketing
2250,Víctor Quiroga Pérez,hnavarrete@example.org,Metropolitana,Puente Alto,Loyal,2025-03-27,Facebook/Instagram
2251,Javiera María Paredes Bustos,simonvillar@example.com,Metropolitana,Peñalolén,Hibernating,2023-01-12,Email Marketing
2252,Rocío Paula Gutiérrez Oñate,leonardo72@example.net,Metropolitana,Ñuñoa,New,2023-01-15,TikTok
2253,Cristóbal Felipe Sánchez Reyes,hsoto@example.org,Maule,Linares,Loyal,2023-11-24,TikTok
2254,Renato Ignacio Durán Toro,sebastian43@example.net,Antofagasta,Taltal,Loyal,2023-07-28,TikTok
2255,Francisco Toledo Meléndez,mirandajaime@example.com,Metropolitana,Las Condes,Champions,2024-03-29,Orgánico
2256,Fernanda Rosa Barrera Silva,lopezrosa@example.com,Coquimbo,Illapel,Champions,2024-03-12,Email Marketing
2257,Patricio Vergara,navarromarcelo@example.net,Valparaíso,Quilpué,At Risk,2023-07-19,Google Ads
2258,Gaspar Wilson Velásquez Navarrete,jose95@example.org,Metropolitana,Macul,Champions,2025-06-18,Orgánico
2259,Pedro Ramos Bravo,jose18@example.com,Metropolitana,Lo Barnechea,Champions,2023-07-28,Google Ads
2260,Fernanda Belén Escobar Pérez,aliagamaria@example.net,Valparaíso,Quilpué,At Risk,2023-04-14,Google Ads
2261,Claudia Silva Pino,renatorodriguez@example.net,Los Lagos,Puerto Varas,At Risk,2023-01-28,TikTok
2262,Javier Carlos Navarro Jiménez,cescobar@example.net,La Araucanía,Victoria,Champions,2025-05-10,TikTok
2263,Lucrecia Fernanda Melo González,agustina28@example.org,Metropolitana,Macul,Loyal,2023-01-30,Google Ads
2264,Eduardo Martínez,bbustamante@example.org,Metropolitana,Quilicura,New,2025-04-10,Facebook/Instagram
2265,Zulema Martínez,marianela12@example.net,Valparaíso,Villa Alemana,Hibernating,2023-03-14,Facebook/Instagram
2266,María Olivia Quezada Montenegro,maria75@example.net,Metropolitana,Maipú,New,2023-03-20,Facebook/Instagram
2267,Natali Tamara Uribe Olivares,cbarrera@example.com,Metropolitana,La Reina,New,2024-03-09,Email Marketing
2268,Erika Muñoz Ruiz,cecilialagos@example.org,Metropolitana,Vitacura,Champions,2023-06-16,TikTok
2269,Carla Tapia Hidalgo,luzmiralopez@example.com,Maule,Constitución,Champions,2025-01-21,Facebook/Instagram
2270,María Luz Saavedra Barriga,gerardopereira@example.com,Antofagasta,Tocopilla,Loyal,2024-09-06,TikTok
2271,Matías Arroyo,lissetteromero@example.com,Valparaíso,Valparaíso,At Risk,2024-11-05,Google Ads
2272,Mia Lizama Soto,ggonzalez@example.com,O'Higgins,Santa Cruz,Lost,2023-09-28,Orgánico
2273,Marcelo Castro,cristobalcastillo@example.net,Metropolitana,Quilicura,New,2024-04-27,Google Ads
2274,Diego Benítez Tobar,antoniariquelme@example.org,Valparaíso,Valparaíso,Champions,2024-05-25,Orgánico
2275,Roberto Jiménez-Oyarzún Moreno,silvamonica@example.com,Metropolitana,Providencia,Champions,2024-11-15,TikTok
2276,Luna Méndez Bórquez,diazjose@example.net,Biobío,Talcahuano,Loyal,2025-06-14,Google Ads
2277,Ernesto Sebastián Moreno Correa,tcontreras@example.net,Coquimbo,La Serena,Hibernating,2024-11-12,Facebook/Instagram
2278,Pedro Opazo,mendezpatricio@example.net,Biobío,Los Ángeles,Loyal,2024-05-12,Google Ads
2279,María Alfaro,ecastro@example.net,Metropolitana,Puente Alto,Champions,2023-09-29,Referido
2280,Daniela Lucía Pino Jiménez,segundo72@example.net,Biobío,Concepción,Loyal,2025-06-23,Facebook/Instagram
2281,Magdalena Caro González,cabezascristian@example.net,Metropolitana,Las Condes,Loyal,2025-05-19,Google Ads
2282,Viviana Acuña Medina,xandrade@example.net,O'Higgins,Rengo,New,2024-12-17,TikTok
2283,María Mayra Aguilera Esparza,maria45@example.net,Valparaíso,San Antonio,At Risk,2024-04-26,Facebook/Instagram
2284,Lucrecia Patricia Martínez Pereira,fernanda56@example.net,Valparaíso,Quilpué,Lost,2025-04-15,Referido
2285,María Silva,catalinafigueroa@example.net,Biobío,Los Ángeles,At Risk,2023-05-08,Email Marketing
2286,Fernanda Agustina Hidalgo Gálvez,ppereira@example.org,Biobío,Chiguayante,Hibernating,2023-11-24,Email Marketing
2287,Ricardo Ortiz Ortiz,ebarraza@example.org,Metropolitana,Lo Barnechea,New,2023-03-24,Facebook/Instagram
2288,Valentina Silvia Estay Sáez,fabianosorio@example.org,La Araucanía,Villarrica,Champions,2025-05-22,Google Ads
2289,Magaly Lucy Montecinos Ramírez,beatriz52@example.net,Metropolitana,La Florida,At Risk,2024-10-03,Orgánico
2290,Claudia Barra Ramos,ruben41@example.org,La Araucanía,Villarrica,Loyal,2025-05-13,Referido
2291,Angélica María Villa Gómez,hugo19@example.net,Maule,Constitución,Loyal,2024-09-23,Google Ads
2292,Germán Ortega,josue10@example.org,Maule,Linares,Lost,2025-05-08,Google Ads
2293,Isabel Javiera Rivera Valencia,eduardo26@example.org,Biobío,Talcahuano,Loyal,2024-03-29,Google Ads
2294,Leonardo Ayala,zcampos@example.org,Valparaíso,Valparaíso,Hibernating,2024-03-04,Facebook/Instagram
2295,María Millaray Albornoz-Pineda Espinoza,alarconbelarmino@example.org,Metropolitana,Vitacura,Loyal,2023-05-19,Facebook/Instagram
2296,Jonathan Romero Contreras,wdiaz@example.org,Los Lagos,Osorno,At Risk,2023-07-21,Email Marketing
2297,Manuel Bernardo Suárez Tapia,beatrizsepulveda@example.com,Metropolitana,San Miguel,Hibernating,2025-02-05,Facebook/Instagram
2298,Rosa Elsa Medina Araya,sepulvedasebastian@example.com,Valparaíso,Viña del Mar,At Risk,2023-03-17,Facebook/Instagram
2299,Carlos Benito Castillo Morales,juan16@example.com,Metropolitana,Santiago,Loyal,2023-11-07,Email Marketing
2300,Héctor Valentín Veas Solís,elena46@example.com,Metropolitana,Quilicura,Lost,2024-03-02,Orgánico
2301,José Cristóbal Lillo Muñoz,ignacio05@example.net,Biobío,Hualpén,New,2025-03-17,Google Ads
2302,Carmen Lira González,yarevalo@example.com,Metropolitana,Quilicura,Hibernating,2023-07-04,Facebook/Instagram
2303,Scarlet Fuentes,franchescaespinoza@example.org,Los Lagos,Ancud,At Risk,2024-01-13,Email Marketing
2304,Juan González,labrafernando@example.net,Metropolitana,Macul,Champions,2024-05-29,Facebook/Instagram
2305,Pamela Rojas Morales,tomas34@example.org,Metropolitana,La Florida,New,2023-12-05,Email Marketing
2306,Bryan Derek Valenzuela Villagra,cvidela@example.com,Valparaíso,San Antonio,Champions,2024-10-27,TikTok
2307,Rodrigo Evaristo Sandoval Cabrera,castillomarta@example.org,Metropolitana,Vitacura,At Risk,2023-08-02,Facebook/Instagram
2308,Nicol Romero Bravo,molinabenjamin@example.com,Metropolitana,Macul,Champions,2025-01-21,Referido
2309,Nathalie Constanza Candia Martínez,ghernandez@example.net,La Araucanía,Padre Las Casas,At Risk,2024-02-12,TikTok
2310,Ruperto Gustavo Díaz Orrego,navarretehernan@example.net,Metropolitana,La Florida,Loyal,2025-01-04,Orgánico
2311,Gabriel Joaquín Reyes Hernández,wzavala@example.com,Maule,Curicó,New,2025-01-29,Referido
2312,Lucas Novoa-Castillo,villablancadiego@example.org,Metropolitana,Maipú,At Risk,2024-06-09,Orgánico
2313,Katherinne Quezada Astete,sanchezcamilo@example.org,Metropolitana,Ñuñoa,Lost,2023-05-21,Email Marketing
2314,Fernando Tello Rojas,rocio79@example.com,Los Lagos,Castro,Lost,2023-08-30,Google Ads
2315,Mayra Acuña Alarcón,ceballosmartin@example.com,Metropolitana,La Reina,Lost,2023-01-02,Referido
2316,José Carlos Donoso Mansilla,soledad50@example.com,Metropolitana,Providencia,Loyal,2023-04-18,Email Marketing
2317,Margot Ramos,lianuribe@example.net,Metropolitana,Vitacura,Hibernating,2023-02-26,Facebook/Instagram
2318,Rosa Marta Pérez Abarca,luis01@example.org,Metropolitana,La Reina,Champions,2023-11-30,Orgánico
2319,Roberto Mendoza Tapia,jsaldias@example.com,Maule,Linares,At Risk,2023-03-15,Referido
2320,Eduardo Carvajal,andres35@example.com,Metropolitana,Estación Central,New,2023-09-06,Referido
2321,Ignacio Esteban Rivera Armijo,rojasrosa@example.net,Los Lagos,Castro,At Risk,2025-03-25,Orgánico
2322,José Pedro Paredes Muñoz,eduardo49@example.net,O'Higgins,Pichilemu,Lost,2023-11-10,Facebook/Instagram
2323,Jorge Carlos Riquelme Contreras,maria61@example.com,Valparaíso,San Antonio,At Risk,2023-05-12,Orgánico
2324,Benjamín Estrada Soto,rpizarro@example.com,O'Higgins,Santa Cruz,Champions,2024-01-10,TikTok
2325,María Pinto Reyes,munoznorma@example.net,Metropolitana,Lo Barnechea,At Risk,2024-11-27,Referido
2326,Claudia Anahí Rozas Bastías,ilopez@example.com,Coquimbo,Illapel,Potential,2025-06-11,TikTok
2327,Lukas Nelson Peña Maturana,qperez@example.net,Metropolitana,Santiago,New,2023-03-05,Email Marketing
2328,Thomas Nicolás Inzunza Morales,alejandra65@example.net,La Araucanía,Padre Las Casas,Loyal,2025-01-13,Google Ads
2329,Jaime Mora Echeverría,fernandezjuan@example.net,Valparaíso,San Antonio,Champions,2024-10-14,Facebook/Instagram
2330,Beatriz Pía Muñoz Vega,baezacristina@example.org,Metropolitana,Peñalolén,Loyal,2023-03-04,Referido
2331,Iván Garrido,lvillarroel@example.net,Biobío,Hualpén,At Risk,2024-03-19,TikTok
2332,Rudy Bastián Navarro Fuentealba,varriagada@example.org,La Araucanía,Angol,Loyal,2025-06-01,Google Ads
2333,Abigail Gloria Cornejo-Zamora Valdés,gladyshernandez@example.net,Metropolitana,Macul,New,2023-02-09,Email Marketing
2334,Patricio Paul Zapata González,torresmanuel@example.net,Metropolitana,Santiago,Champions,2024-02-23,Google Ads
2335,Rodrigo Lorenzo Martínez Cáceres,cordovahernan@example.org,La Araucanía,Angol,At Risk,2024-06-21,Facebook/Instagram
2336,Pablo Rodríguez González,lidiamunoz@example.com,Biobío,Concepción,At Risk,2023-08-09,Facebook/Instagram
2337,Alejandro Marcos Flores Pacheco,sebastianduarte@example.org,Coquimbo,Ovalle,Lost,2025-06-23,Referido
2338,Antonella Damaris Díaz Díaz,pobleteteresa@example.org,Los Lagos,Puerto Varas,Champions,2023-12-30,Google Ads
2339,Patricia María Pizarro Cabrera,millanelizabeth@example.net,Coquimbo,La Serena,At Risk,2024-01-05,Google Ads
2340,Nelson Carlos González Valderrama,luis90@example.org,La Araucanía,Angol,Loyal,2025-01-24,Orgánico
2341,Margarita Núñez-Peña,constanzaalvarez@example.com,Metropolitana,Quilicura,At Risk,2024-09-05,Facebook/Instagram
2342,Camila Silva Solís,kevin01@example.net,Metropolitana,Vitacura,Champions,2024-12-21,TikTok
2343,Fernando Martínez,gabrielatroncoso@example.net,Los Lagos,Puerto Montt,Champions,2024-06-29,Orgánico
2344,Pamela Eloísa Concha Villalobos,cesarsaldana@example.com,Biobío,Hualpén,Champions,2024-07-11,Orgánico
2345,Marilyn Gatica Espinoza,silvavictor@example.org,Metropolitana,Maipú,Potential,2024-02-17,Email Marketing
2346,Joaquín Jaime Carvajal Pino,santiagohidalgo@example.org,Metropolitana,Puente Alto,At Risk,2024-12-27,Facebook/Instagram
2347,Máximo San Martín,castilloemilia@example.org,Coquimbo,Illapel,Champions,2025-01-19,TikTok
2348,Mario Cifuentes,martinaalvarado@example.org,Valparaíso,Quilpué,Loyal,2023-01-25,Email Marketing
2349,Clara Espinoza,margarita41@example.net,Valparaíso,Valparaíso,New,2024-06-18,Facebook/Instagram
2350,Marco Edinson Rodríguez Rivas,silvamaria@example.org,Valparaíso,Valparaíso,Hibernating,2023-10-12,Google Ads
2351,Gladys Rosalía Galleguillos Jaramillo,reyesmirna@example.com,Metropolitana,Quilicura,Champions,2025-04-08,TikTok
2352,Olga Vanessa Díaz Lobos,gbravo@example.net,Metropolitana,Santiago,Loyal,2025-01-21,Orgánico
2353,Julio Joaquín Jorquera Moyano,danielecheverria@example.org,Metropolitana,Puente Alto,At Risk,2023-06-20,TikTok
2354,Eduardo Pablo Cortés Soto,anahihernandez@example.net,Metropolitana,Maipú,At Risk,2023-10-01,Orgánico
2355,Emilia Alejandra Sepúlveda Gaete,luisvalencia@example.com,Los Lagos,Ancud,Champions,2024-09-23,TikTok
2356,Adela Denisse Suazo Villarroel,mansillajose@example.org,Valparaíso,San Antonio,At Risk,2023-10-15,Google Ads
2357,Iker Rosamel Aguirre Garcés,maria15@example.com,Maule,Curicó,Lost,2023-10-07,Orgánico
2358,Héctor Alfredo Ponce Solís,manuel14@example.net,Maule,Curicó,At Risk,2023-12-16,Email Marketing
2359,Raquel Calderón,gracielacastillo@example.com,Metropolitana,Maipú,New,2023-02-15,TikTok
2360,Diego Ponce,florentino62@example.net,Biobío,Chiguayante,Loyal,2025-05-15,TikTok
2361,María Paulina Morales Salinas,luis12@example.org,Valparaíso,Quilpué,Hibernating,2025-03-17,Orgánico
2362,Katherin Sánchez Lazcano,eduardo88@example.org,O'Higgins,Pichilemu,Loyal,2023-12-04,Google Ads
2363,Nancy Flores,joseflores@example.com,Metropolitana,La Reina,New,2025-04-26,Facebook/Instagram
2364,Hernán René Pereira Palma,donosofreddy@example.com,La Araucanía,Angol,Champions,2024-07-16,Referido
2365,Nicole Ramírez Espinoza,erojas@example.org,Biobío,Talcahuano,Loyal,2023-08-03,Orgánico
2366,Claudia Vega García,inostrozaalejandro@example.net,Metropolitana,La Reina,At Risk,2024-09-08,Google Ads
2367,Isabel Muñoz,catalinaduarte@example.com,Metropolitana,Lo Barnechea,Lost,2023-01-02,Email Marketing
2368,Ezequiel Espinoza-Cerda Abarca,josefa83@example.org,Biobío,Los Ángeles,At Risk,2025-05-18,Email Marketing
2369,Ignacia Cofré Veas,aaguilera@example.net,La Araucanía,Temuco,Loyal,2025-01-21,Referido
2370,Gladys Carolina Toledo Arévalo,amunoz@example.com,Metropolitana,Providencia,At Risk,2025-05-24,Orgánico
2371,Roberto Jaime Labra Ferreira,therrera@example.com,Biobío,Concepción,Champions,2024-03-11,Referido
2372,Marcela Ríos,xmoreno@example.org,Metropolitana,Macul,Champions,2024-11-05,Facebook/Instagram
2373,Fiorella Toro Soto,guzmantabita@example.com,La Araucanía,Angol,Loyal,2023-03-11,Email Marketing
2374,Nayareth Bustamante Zamora,vargasflorencia@example.com,Metropolitana,Maipú,Hibernating,2024-05-17,Google Ads
2375,Fernanda Valentina Varela Ramírez,eliseo33@example.com,O'Higgins,Rancagua,Lost,2024-09-28,TikTok
2376,Juana Katherine Zúñiga Riquelme,xbastias@example.net,Metropolitana,Ñuñoa,Lost,2023-08-09,Google Ads
2377,Esteban Oscar Araya Fuentes,cesar82@example.org,Metropolitana,Santiago,At Risk,2024-08-02,TikTok
2378,Alejandra Cristina Espinosa Soto,gladyshidalgo@example.net,Metropolitana,Santiago,Lost,2025-05-24,Google Ads
2379,Sylvia Marcela Fuentes Reyes,gjimenez@example.net,Metropolitana,Providencia,At Risk,2024-10-04,Referido
2380,Felipe Pizarro Fernández,eugenio96@example.com,Valparaíso,Valparaíso,Loyal,2023-06-20,Orgánico
2381,Pablo Luis Palma Barrientos,kahumada@example.com,Metropolitana,Vitacura,New,2023-08-26,Referido
2382,Angélica Pérez-Becerra,tmarin@example.com,Maule,Talca,At Risk,2023-12-01,Orgánico
2383,Flavio Salas,diana42@example.com,Metropolitana,La Reina,Champions,2023-06-26,Email Marketing
2384,Luis Pedro Sandoval Baeza,ramirezdaniela@example.com,Metropolitana,Providencia,Hibernating,2023-10-10,Facebook/Instagram
2385,María Rayén Rodríguez Parra,gnunez@example.net,Metropolitana,La Florida,Loyal,2023-01-29,TikTok
2386,Hernán Vicente López Sandoval,medelmiguel@example.com,Metropolitana,Providencia,Potential,2024-07-14,Orgánico
2387,Monserrat Rojas Figueroa,dgonzalez@example.net,Metropolitana,Ñuñoa,Hibernating,2025-01-01,Email Marketing
2388,Blanca Ramírez Soto,inostrozaalba@example.net,Valparaíso,Viña del Mar,Loyal,2023-07-03,TikTok
2389,María Lidia Casanova Padilla,xsepulveda@example.net,Valparaíso,Valparaíso,Loyal,2024-02-16,Google Ads
2390,Marta María Hernández Ibáñez,bustamantejuan@example.net,Valparaíso,Quilpué,Champions,2025-01-30,Email Marketing
2391,Romina Patricia Hernández Prieto,carrenocatalina@example.com,Valparaíso,Viña del Mar,At Risk,2023-11-04,Email Marketing
2392,Víctor Neira,gladys46@example.com,Biobío,Los Ángeles,Potential,2024-03-31,Google Ads
2393,Carolina Varas Martínez,zvelasquez@example.org,Metropolitana,Providencia,Champions,2024-05-14,Orgánico
2394,Pamela Barrera Pérez,pabloosses@example.com,Valparaíso,Valparaíso,Loyal,2023-03-28,Email Marketing
2395,Diego Bustamante,reyesguillermo@example.org,Coquimbo,Coquimbo,At Risk,2023-07-11,Facebook/Instagram
2396,Romina Amelia Vivanco Gutiérrez,jarajaviera@example.org,Valparaíso,San Antonio,New,2024-12-12,Orgánico
2397,Richard Diego Álvarez Vera,echeverriajuan@example.org,La Araucanía,Temuco,At Risk,2023-10-31,Google Ads
2398,Rosamel Ernesto Barrera Madrid,cmaureira@example.org,Metropolitana,Estación Central,Champions,2024-05-04,TikTok
2399,Catalina María Jara Cortés,blopez@example.org,Los Lagos,Ancud,Lost,2024-11-21,Google Ads
2400,Sergio Luis Zamora Neira,victoria90@example.org,Los Lagos,Puerto Montt,Lost,2023-08-29,Google Ads
2401,Rodrigo Francisco Pizarro Ramírez,blancaruiz@example.com,Valparaíso,Villa Alemana,Hibernating,2024-05-19,Referido
2402,Valentina Mansilla Guzmán,fnavarrete@example.net,Coquimbo,Coquimbo,At Risk,2024-09-01,Referido
2403,Vanessa Valenzuela Albornoz,juanaramirez@example.com,Metropolitana,Maipú,Loyal,2024-12-28,Orgánico
2404,Jazmín Pardo Mora,robinson69@example.org,Metropolitana,La Reina,Champions,2023-05-01,Google Ads
2405,Ricardo Castillo-Díaz Núñez,qcarrillo@example.net,Los Lagos,Castro,At Risk,2024-03-02,TikTok
2406,Erica Román Rubio,salgadomoises@example.net,Maule,Talca,New,2024-01-15,Orgánico
2407,Teresa Paulina Marín Saldaña,eugenio63@example.net,Metropolitana,Providencia,At Risk,2023-03-17,Referido
2408,Rogelio Fuentes Mellado,cramirez@example.org,Metropolitana,Peñalolén,Champions,2024-09-26,TikTok
2409,Tomás Aguilera,florencio91@example.org,Metropolitana,Estación Central,Champions,2024-08-10,Referido
2410,Sergio Cristian Rojas-Bustos Becerra,juanabeltran@example.com,Metropolitana,Puente Alto,Hibernating,2023-11-30,Facebook/Instagram
2411,David Rodolfo Cárdenas Vega,edith79@example.org,Los Lagos,Puerto Varas,Loyal,2023-12-16,Google Ads
2412,Arturo José Meneses Pino,dvalderrama@example.net,Valparaíso,Villa Alemana,Champions,2025-05-08,TikTok
2413,Nicole Karen Parra Herrera,eric24@example.com,Metropolitana,Las Condes,At Risk,2025-04-13,TikTok
2414,Oscar Esparza,ngonzalez@example.org,Metropolitana,Providencia,Champions,2024-01-17,Referido
2415,Fernando Parra Sáez,torresluis@example.com,Metropolitana,San Miguel,Potential,2025-06-06,TikTok
2416,Luis Cortés Gutiérrez,luzcatalan@example.org,Metropolitana,Santiago,Champions,2024-10-01,Referido
2417,Alejandra Cecilia Jara Álvarez,leonardonunez@example.com,Biobío,Los Ángeles,Potential,2025-01-21,Orgánico
2418,Carlos Franco Medina Gallardo,bahamondeivonne@example.org,Coquimbo,Coquimbo,Lost,2024-02-24,Orgánico
2419,Carolina Quintana Gutiérrez,gasparvidal@example.org,Maule,Curicó,Champions,2023-03-24,Facebook/Instagram
2420,Yerko Varela Araneda,dgutierrez@example.com,Metropolitana,Estación Central,At Risk,2024-07-09,Referido
2421,Miguel López Toledo,nataliaperez@example.org,O'Higgins,Santa Cruz,Champions,2024-04-09,TikTok
2422,Patricia Olivia Gallegos Durán,hernan31@example.org,Los Lagos,Ancud,Loyal,2023-01-26,Email Marketing
2423,José Morales-Aguilar,alejandra03@example.com,Los Lagos,Puerto Varas,Lost,2024-05-12,Facebook/Instagram
2424,Robert Sepúlveda,patriciapulgar@example.net,Valparaíso,San Antonio,Champions,2025-02-23,Referido
2425,Camila Díaz Soto,ramirezmartina@example.org,Metropolitana,La Reina,Champions,2023-12-17,Facebook/Instagram
2426,Rosa Dayana Agüero Torres,lidia25@example.com,Metropolitana,Vitacura,Champions,2023-02-16,Orgánico
2427,Julia Patricia Marín Chávez,hmorales@example.com,Metropolitana,Vitacura,Champions,2025-05-20,Referido
2428,René Samuel Valenzuela Uribe,lorena92@example.org,Metropolitana,Santiago,At Risk,2024-12-18,Orgánico
2429,Alexander Torres Norambuena,ibenitez@example.org,Metropolitana,Las Condes,Lost,2023-03-15,Orgánico
2430,Pablo Felipe Ortega López,jocelynmamani@example.com,Valparaíso,Valparaíso,At Risk,2025-02-17,Google Ads
2431,María Alarcón Leiva,violetavalladares@example.org,Los Lagos,Castro,Lost,2024-12-21,Google Ads
2432,María Ortiz,nancyvaldes@example.net,Valparaíso,San Antonio,Hibernating,2023-08-18,Orgánico
2433,Joaquín Luis Bravo Díaz,viviana59@example.org,Metropolitana,San Miguel,New,2023-03-02,Email Marketing
2434,Manuel Barrientos Díaz,patricioavalos@example.com,Coquimbo,Illapel,At Risk,2023-11-25,Google Ads
2435,María Molina,moralescamila@example.org,Antofagasta,Mejillones,Champions,2025-01-24,Referido
2436,Jean Pedro Peña Labra,guillermo47@example.com,Los Lagos,Ancud,Loyal,2023-07-14,Facebook/Instagram
2437,Lorena Bárbara Muñoz Jiménez,solarconstanza@example.com,Los Ríos,Corral,Champions,2023-08-13,Email Marketing
2438,Amanda Laura Norambuena Mardones,tapiaviviana@example.org,Valparaíso,Valparaíso,Loyal,2023-05-13,Referido
2439,Demetrio Lucas Olivares Miranda,rojaselisa@example.org,Coquimbo,La Serena,New,2023-01-12,Referido
2440,Erna Díaz Arias,ibarrapatricio@example.org,Metropolitana,Estación Central,At Risk,2024-08-14,Referido
2441,Zunilda Mirta Torres Ortiz,alansoto@example.net,Metropolitana,Las Condes,New,2023-09-23,Orgánico
2442,Edith María González Carvajal,juanmunoz@example.net,Metropolitana,San Miguel,New,2023-06-26,Facebook/Instagram
2443,Stefano Jorge Barra Contreras,patricio63@example.net,Metropolitana,Santiago,Lost,2025-06-14,Referido
2444,Katherine Pizarro,albornozmatias@example.net,Metropolitana,La Florida,Lost,2024-11-09,TikTok
2445,Corina Yáñez Varas,olivaresmatilde@example.net,Biobío,Concepción,New,2024-06-19,Email Marketing
2446,Cristobal Oscar Saavedra Aguilera,claudiasepulveda@example.org,Los Lagos,Ancud,New,2025-06-19,TikTok
2447,Raúl Castro Palma,ucatalan@example.org,Biobío,Hualpén,Hibernating,2023-04-17,Referido
2448,Diego Michel Muñoz Seguel,fanny24@example.com,Metropolitana,Santiago,At Risk,2025-04-06,Email Marketing
2449,Miguel Francisco Escobar Olguín,grojas@example.net,Maule,Linares,Loyal,2024-05-09,Referido
2450,María Sepúlveda Alfaro,juan08@example.com,Biobío,Hualpén,Champions,2025-05-01,Email Marketing
2451,Juan Miguel Rocha Herrera,furrutia@example.com,Metropolitana,Lo Barnechea,New,2024-11-20,Facebook/Instagram
2452,Alison García,salazarjorge@example.org,La Araucanía,Temuco,Champions,2025-04-29,Email Marketing
2453,Rafaela Emilia Romero Espinoza,pamelaperalta@example.com,Metropolitana,Estación Central,Lost,2024-12-26,Facebook/Instagram
2454,Eduardo Luis Arancibia Sandoval,trinidadchavez@example.org,Metropolitana,Macul,Loyal,2024-10-28,Email Marketing
2455,Josefa Norma Araya Sáez,ricardo10@example.com,Antofagasta,Tocopilla,New,2024-05-30,Referido
2456,Ramón Ricardo Monsalve López,luis09@example.net,Metropolitana,Maipú,Lost,2024-10-04,Facebook/Instagram
2457,Constanza Bernardita Rebolledo Sandoval,constanza98@example.org,Valparaíso,Valparaíso,Potential,2024-03-28,TikTok
2458,Miguel Hernández Guerrero,ortizrayen@example.net,O'Higgins,San Fernando,Potential,2024-05-15,TikTok
2459,Francisca Salazar Cortez,blanca16@example.com,La Araucanía,Temuco,At Risk,2023-08-20,TikTok
2460,Fernando Prieto,andresmontenegro@example.net,Metropolitana,La Florida,At Risk,2025-05-26,Orgánico
2461,Rosa Marie Ríos Zavala,benjamin30@example.net,Metropolitana,Las Condes,Champions,2024-02-17,Email Marketing
2462,Sonia Jenniffer Faúndez González,vsan-martin@example.net,Metropolitana,Vitacura,At Risk,2024-05-05,TikTok
2463,Tomás Christian Henríquez Valdés,maria27@example.org,Biobío,Los Ángeles,Champions,2024-09-29,Email Marketing
2464,Marcos Castro Sepúlveda,arayaluis@example.org,Valparaíso,Quilpué,Potential,2024-04-10,Orgánico
2465,Rafael Moraga Rojas,daniel47@example.com,Metropolitana,Peñalolén,Lost,2024-12-24,Orgánico
2466,Karin Antonia Ramírez Uribe,maria49@example.net,Coquimbo,Illapel,At Risk,2023-12-10,Email Marketing
2467,Fernando Max Fernández Urrutia,fuentesviviana@example.org,Valparaíso,San Antonio,New,2025-05-16,Orgánico
2468,Ricardo Carlos Valenzuela Cid,alejandraalvarado@example.com,Metropolitana,Providencia,Potential,2025-02-13,TikTok
2469,Rosa Cárdenas Jara,camilasepulveda@example.net,Valparaíso,Quilpué,Lost,2024-09-26,Referido
2470,Claudia Oyarzo Vallejos,riosmartin@example.org,La Araucanía,Villarrica,Champions,2024-03-04,Google Ads
2471,Luis Mateo Carrasco García,lilianpinto@example.org,Metropolitana,Maipú,New,2024-09-08,Referido
2472,María Emily Parra Palacios,ximena49@example.org,Metropolitana,San Miguel,At Risk,2023-03-29,Orgánico
2473,María Anahí Araneda Bustamante,quezadagabriel@example.com,Maule,Constitución,Lost,2024-09-22,Google Ads
2474,Marcela Nancy Poblete Núñez,cristopheravila@example.org,Valparaíso,Valparaíso,At Risk,2025-04-10,Facebook/Instagram
2475,Bastián Navarro Muñoz,rosaliaoyarce@example.net,Valparaíso,Villa Alemana,Champions,2025-05-13,Google Ads
2476,Andrés Allan Parada Araya,yuliana45@example.net,Valparaíso,Valparaíso,Loyal,2025-01-04,TikTok
2477,Jorge Palacios,mroman@example.org,Metropolitana,Providencia,Champions,2023-05-15,Email Marketing
2478,Priscilla Beatriz Moreno Pereira,langulo@example.com,Metropolitana,Providencia,New,2025-06-28,Email Marketing
2479,Jean Contreras,hector75@example.com,Valparaíso,Villa Alemana,Hibernating,2023-02-26,Referido
2480,Nayareth Díaz,albornozjavier@example.com,Metropolitana,Lo Barnechea,Potential,2024-08-24,Orgánico
2481,Guadalupe Muñoz Molina,veronicasalas@example.com,Metropolitana,La Florida,Hibernating,2025-05-09,Email Marketing
2482,Francisca Díaz,gallardogustavo@example.net,Maule,Cauquenes,Loyal,2023-01-08,TikTok
2483,Sonia Rosa Yáñez Ferrada,victorgonzalez@example.org,Los Ríos,La Unión,Champions,2024-12-26,Referido
2484,Eugenia Ignacia Velásquez Fernández,wvera@example.org,Los Lagos,Ancud,Hibernating,2024-03-02,Email Marketing
2485,César Sánchez Soto,danielaretamales@example.org,Maule,Constitución,Loyal,2024-12-15,Google Ads
2486,Rosendo José Caro Pinto,arandaalexandra@example.org,Metropolitana,San Miguel,At Risk,2023-08-05,TikTok
2487,Alejandra María Hernández-Sanhueza Ferrada,mromero@example.net,Coquimbo,Coquimbo,Loyal,2024-02-22,Email Marketing
2488,Sixto Juan Silva Altamirano,zsoto@example.net,Metropolitana,San Miguel,At Risk,2024-07-12,TikTok
2489,Genoveva Valdés Maureira,aidaalvarez@example.com,Coquimbo,Ovalle,Loyal,2024-01-28,TikTok
2490,Pedro Barrientos Fernández,patricia60@example.net,Los Ríos,Corral,Hibernating,2025-06-14,Referido
2491,Martina Elizabeth Aguilera Ruiz,patriciafuentes@example.com,La Araucanía,Temuco,At Risk,2023-08-07,Email Marketing
2492,Alessandro Riveros Gómez,pleon@example.com,Los Ríos,Río Bueno,Lost,2023-09-09,Google Ads
2493,Jaime Luis Bustamante Yáñez,mcastillo@example.com,Biobío,Chiguayante,At Risk,2023-06-11,Referido
2494,Ernestina Hidalgo,monica59@example.net,Metropolitana,Estación Central,Champions,2025-01-18,Orgánico
2495,Mateo Osvaldo Valenzuela Bascuñán,benjaminlagos@example.net,Valparaíso,Villa Alemana,Loyal,2024-06-22,Facebook/Instagram
2496,Flor Rojas Donoso,perezfelipe@example.net,Biobío,Talcahuano,At Risk,2023-12-22,Facebook/Instagram
2497,Maximiliano Sergio Muñoz González,rosa11@example.org,Metropolitana,Ñuñoa,Champions,2024-12-13,Referido
2498,Maite María Miranda Arenas,uarroyo@example.com,Biobío,Talcahuano,At Risk,2023-11-17,Google Ads
2499,Daniela Gladys Morales Cofré,urojas@example.com,Los Ríos,Panguipulli,Champions,2023-03-12,Referido
2500,Marta Karen Muñoz Donoso,qvega@example.com,Metropolitana,Puente Alto,New,2023-03-02,Referido